0.8632,0.97176,0.87134,0.97463,0.90507,0.914
0.91148,0.80541,0.91818,0.98722,0.96301,0.9147
0.96919,0.95262,0.80907,0.90155,0.96446,0.90311
0.92536,0.85117,0.85905,0.95084,0.95523,0.95835
0.95997,0.80428,0.87764,0.96755,0.96154,0.92903
0.9601999999999999,0.96058,0.90709,0.90528,0.90412,0.8627400000000001
0.86348,0.98051,0.90423,0.86643,0.9234,0.96196
0.9553,0.8709899999999999,0.81183,0.95975,0.92838,0.97376
0.86058,0.98879,0.91475,0.90542,0.97119,0.85928
0.92187,0.77396,0.91465,0.97606,0.95677,0.95669
0.9635,0.90872,0.85701,0.96306,0.98177,0.82595
0.80818,0.99072,0.90334,0.9625,0.96785,0.86741
0.96075,0.90342,0.95987,0.96469,0.75137,0.9599
0.88285,0.95418,0.95501,0.8782,0.91348,0.91628
0.96626,0.9601,0.8516,0.9091400000000001,0.9053,0.90759
0.66804,0.97771,0.96593,0.95975,0.9617,0.96687
0.86082,0.91769,0.9298,0.90889,0.96687,0.91593
0.95753,0.88084,0.861,0.97795,0.95316,0.86952
0.95952,0.82692,0.82957,0.95713,0.96848,0.95838
0.86739,0.90156,0.97202,0.97006,0.8642,0.92477
0.95136,0.97113,0.9613,0.90121,0.85733,0.8576699999999999
0.87035,0.91385,0.92531,0.95537,0.90481,0.93031
0.95164,0.96618,0.90238,0.95369,0.87227,0.85385
0.96321,0.97136,0.97146,0.91398,0.7162200000000001,0.96378
0.9081,0.91486,0.96133,0.95497,0.80269,0.95804
0.95529,0.92016,0.87432,0.90344,0.86309,0.98369
0.91813,0.96488,0.9174,0.8095600000000001,0.98354,0.9065
0.82637,0.92377,0.97458,0.96598,0.85036,0.95895
0.91306,0.9221,0.91603,0.95845,0.87886,0.91149
0.86329,0.95079,0.9655,0.92288,0.9161900000000001,0.88137
0.7674799999999999,0.91899,0.92967,0.95097,0.96006,0.97283
0.86604,0.96128,0.84271,0.9629,0.95539,0.91168
0.85712,0.9649,0.90452,0.92411,0.92396,0.92537
0.98902,0.9251,0.80658,0.90899,0.90676,0.96355
0.97203,0.87157,0.9562,0.86827,0.92474,0.9071899999999999
0.91212,0.92143,0.9188000000000001,0.92285,0.90395,0.92085
0.8210999999999999,0.90264,0.90608,0.90933,0.99112,0.96974
0.98333,0.82062,0.9180699999999999,0.85147,0.96086,0.96565
0.96977,0.8089999999999999,0.96604,0.8708899999999999,0.90808,0.97622
0.95077,0.8776,0.9197,0.86278,0.98851,0.90063
0.95729,0.95077,0.95715,0.96385,0.8591,0.81184
0.96495,0.66096,0.96721,0.9679,0.98342,0.95556
0.80825,0.97111,0.8751599999999999,0.96379,0.9174,0.96429
0.92194,0.90993,0.86142,0.92326,0.9099,0.97355
0.95894,0.95863,0.9007499999999999,0.86521,0.8577,0.95877
0.97231,0.96341,0.95812,0.7236,0.91698,0.96558
0.9555400000000001,0.9627,0.90373,0.9688,0.80535,0.90388
0.91716,0.95608,0.95285,0.95482,0.8034399999999999,0.91566
0.8556900000000001,0.92735,0.93133,0.86831,0.95366,0.96366
0.9608,0.76623,0.90961,0.9531499999999999,0.98468,0.92553
0.97101,0.9791300000000001,0.90648,0.7118,0.96421,0.96737
0.95041,0.93021,0.97453,0.86348,0.85951,0.92187
0.95026,0.95145,0.80797,0.96486,0.8709,0.95456
0.95434,0.95517,0.95879,0.8602799999999999,0.95458,0.81684
0.95075,0.95177,0.8548,0.96049,0.88179,0.90041
0.96148,0.97263,0.76564,0.9256,0.91869,0.95596
0.95279,0.86385,0.88732,0.96806,0.8708400000000001,0.95714
0.95978,0.9607600000000001,0.85172,0.90221,0.95187,0.87365
0.8108299999999999,0.97949,0.9635,0.96303,0.91564,0.8674999999999999
0.91505,0.8693,0.9668,0.80448,0.96604,0.97832
0.9608,0.9315100000000001,0.96611,0.90304,0.8244,0.91413
0.9232899999999999,0.91876,0.96882,0.85055,0.96407,0.87451
0.95112,0.9539,0.95364,0.86083,0.8069500000000001,0.97356
0.87107,0.97401,0.96148,0.82946,0.91072,0.95326
0.90896,0.92236,0.96493,0.81886,0.91213,0.97276
0.91084,0.97058,0.80096,0.90032,0.95348,0.9638100000000001
0.78074,0.85949,0.96153,0.95424,0.98385,0.96014
0.9052,0.86417,0.90229,0.922,0.96682,0.93952
0.96806,0.7696000000000001,0.96165,0.96982,0.96413,0.86673
0.82087,0.87783,0.90974,0.96038,0.95234,0.97884
0.7595000000000001,0.91718,0.9791300000000001,0.91459,0.97479,0.95481
0.91427,0.91853,0.80413,0.98065,0.91028,0.97213
0.85518,0.97124,0.915,0.96484,0.8689,0.92485
0.88146,0.95293,0.86656,0.91152,0.91548,0.97205
0.95739,0.72774,0.96147,0.93079,0.96532,0.95729
0.9545,0.95684,0.9625,0.9156299999999999,0.9008,0.80974
0.7507699999999999,0.93162,0.97079,0.98554,0.95699,0.90429
0.90123,0.8129,0.9595899999999999,0.90418,0.95442,0.9677
0.97475,0.72226,0.92242,0.96636,0.96236,0.95186
0.9206,0.80802,0.96956,0.95321,0.98015,0.86847
0.91739,0.85869,0.90251,0.96908,0.8903,0.96204
0.95331,0.81653,0.96186,0.96791,0.98696,0.81343
0.97454,0.77411,0.97665,0.961,0.90765,0.90605
0.95219,0.9593700000000001,0.95902,0.95522,0.91308,0.76112
0.91844,0.81089,0.93365,0.9505,0.91788,0.96864
0.85615,0.98485,0.90738,0.8079000000000001,0.9588,0.98491
0.98332,0.91566,0.82022,0.85524,0.96138,0.96419
0.9556,0.86954,0.97468,0.76554,0.97679,0.95785
0.95741,0.91646,0.86603,0.85995,0.91164,0.98851
0.95114,0.95235,0.86499,0.95716,0.91779,0.85657
0.93108,0.91866,0.96002,0.81102,0.95772,0.9215
0.7196100000000001,0.9817400000000001,0.9634,0.90688,0.96093,0.96744
0.97906,0.96577,0.96233,0.66439,0.95771,0.97076
0.96272,0.92054,0.97205,0.8109999999999999,0.98078,0.8529100000000001
0.8593999999999999,0.8577,0.91601,0.97092,0.91379,0.98218
0.91517,0.95128,0.95636,0.7689900000000001,0.95774,0.95047
0.81076,0.98049,0.87572,0.92047,0.95271,0.95985
0.80004,0.98249,0.92517,0.92384,0.96473,0.90373
0.98606,0.90686,0.96088,0.76318,0.91632,0.96669
0.86014,0.85711,0.95044,0.95207,0.96776,0.91247
0.90411,0.92534,0.97798,0.91503,0.86153,0.9160200000000001
0.96417,0.80014,0.95547,0.9096,0.95436,0.91627
0.96337,0.95096,0.92,0.90271,0.85644,0.90652
0.7575000000000001,0.98355,0.9688,0.90707,0.95691,0.9261699999999999
0.91311,0.88339,0.97032,0.96148,0.90909,0.86261
0.96163,0.73029,0.97988,0.95994,0.95533,0.91293
0.95047,0.95356,0.90463,0.97174,0.76698,0.95262
0.90943,0.96318,0.80308,0.97956,0.91355,0.9312
0.85774,0.93638,0.96697,0.96702,0.90639,0.86551
0.92365,0.89393,0.9056,0.8560300000000001,0.95393,0.96685
0.8805000000000001,0.91058,0.91586,0.91149,0.90236,0.9792
0.92224,0.91432,0.96504,0.86441,0.90846,0.92552
0.82159,0.96105,0.96436,0.92299,0.96277,0.86723
0.95378,0.95372,0.95687,0.96372,0.96948,0.70243
0.8596900000000001,0.98312,0.75454,0.9676,0.9787,0.95635
0.85155,0.96221,0.95691,0.95885,0.96386,0.80663
0.95901,0.95036,0.95383,0.8216600000000001,0.85909,0.95607
0.9001,0.86083,0.9787,0.90854,0.90029,0.95153
0.7638,0.9756,0.92437,0.96593,0.90685,0.96346
0.86217,0.96251,0.98747,0.80569,0.96774,0.91441
0.96727,0.86841,0.87582,0.96106,0.92352,0.9039200000000001
0.97051,0.81833,0.9073599999999999,0.97339,0.93003,0.90039
0.96277,0.92428,0.7770900000000001,0.96636,0.91601,0.95349
0.95443,0.95056,0.90877,0.9559,0.91878,0.81157
0.92553,0.96422,0.96544,0.91552,0.7601,0.96919
0.96005,0.87001,0.79455,0.96257,0.95995,0.95287
0.96428,0.87717,0.86081,0.85253,0.96002,0.98519
0.91255,0.96583,0.86183,0.95106,0.95633,0.85241
0.90623,0.96901,0.95705,0.96197,0.95489,0.75085
0.91674,0.88278,0.97535,0.86965,0.95188,0.9036
0.8576699999999999,0.7688699999999999,0.96353,0.981,0.96964,0.9593
0.71655,0.90158,0.98957,0.95208,0.96055,0.97967
0.8152699999999999,0.95126,0.95329,0.90386,0.90227,0.97406
0.95513,0.92031,0.8336399999999999,0.96547,0.90965,0.9158
0.9526,0.93512,0.77105,0.95176,0.95983,0.92964
0.90644,0.86635,0.97721,0.91951,0.9746,0.85589
0.92334,0.91226,0.86646,0.9691,0.90401,0.92484
0.90324,0.96285,0.95499,0.96995,0.8502000000000001,0.85877
0.81761,0.85944,0.97072,0.95234,0.94713,0.95275
0.91793,0.96189,0.75343,0.98245,0.93298,0.9513199999999999
0.96266,0.95474,0.9525,0.95184,0.8213,0.85697
0.81319,0.97539,0.80236,0.96681,0.98274,0.95951
0.96495,0.97413,0.9647,0.96482,0.67037,0.96102
0.91988,0.90113,0.78201,0.97648,0.96972,0.95077
0.92,0.90199,0.90525,0.97044,0.95199,0.85032
0.77018,0.95968,0.98426,0.96394,0.95457,0.86737
0.90574,0.95719,0.90017,0.95492,0.97461,0.80737
0.96813,0.97141,0.71846,0.96963,0.90245,0.96992
0.95488,0.96809,0.90254,0.91258,0.9601500000000001,0.80176
0.92677,0.96863,0.96921,0.81518,0.90429,0.91593
0.90176,0.92279,0.97355,0.91153,0.96769,0.82269
0.96501,0.87427,0.95894,0.90954,0.97208,0.8201700000000001
0.85234,0.95201,0.9575400000000001,0.9271199999999999,0.85416,0.95682
0.95463,0.90724,0.90187,0.92084,0.95221,0.86322
0.80259,0.97064,0.96029,0.97116,0.87155,0.92378
0.95812,0.95695,0.95361,0.86808,0.9060900000000001,0.85715
0.96479,0.96267,0.83275,0.81793,0.95175,0.97011
0.86064,0.95598,0.95266,0.95528,0.81976,0.95568
0.91998,0.91182,0.8104,0.96938,0.97045,0.91797
0.95909,0.8691800000000001,0.95276,0.9134,0.85329,0.95228
0.95016,0.90562,0.90085,0.98045,0.90879,0.85412
0.8363,0.96287,0.8681300000000001,0.95361,0.97637,0.90272
0.96362,0.86424,0.871,0.91917,0.92216,0.9598
0.93336,0.95491,0.86729,0.85573,0.90383,0.98488
0.81111,0.9582,0.90978,0.99152,0.92611,0.90328
0.953,0.92529,0.95449,0.95924,0.90129,0.80669
0.96992,0.80606,0.91072,0.95961,0.98092,0.87277
0.97437,0.86248,0.93552,0.85482,0.92222,0.9506
0.91994,0.97475,0.7109300000000001,0.9551499999999999,0.96961,0.96962
0.96329,0.91206,0.90789,0.8130999999999999,0.95134,0.95232
0.97063,0.80169,0.87983,0.92168,0.95486,0.9713
0.923,0.95321,0.8734999999999999,0.8216,0.97264,0.95605
0.8138799999999999,0.96609,0.92075,0.87376,0.9721,0.95341
0.95517,0.97148,0.91011,0.95712,0.95062,0.7555000000000001
0.76701,0.96251,0.91452,0.90208,0.97278,0.9811
0.9652499999999999,0.96193,0.8748199999999999,0.75588,0.97783,0.96429
0.95594,0.86239,0.9266,0.96456,0.96796,0.82254
0.82734,0.8681300000000001,0.9704,0.90695,0.96131,0.96587
0.70364,0.97061,0.99198,0.95394,0.97216,0.90767
0.96839,0.96759,0.71619,0.92674,0.9666399999999999,0.95446
0.9518,0.80228,0.95662,0.96405,0.86104,0.9642
0.96079,0.86597,0.97967,0.95366,0.97142,0.7685
0.87562,0.96892,0.86364,0.90523,0.96586,0.92072
0.87091,0.97537,0.95105,0.86155,0.97032,0.8708
0.91429,0.71442,0.95888,0.97351,0.96064,0.97827
0.95973,0.97083,0.90091,0.8500300000000001,0.96229,0.8562
0.87459,0.92103,0.90871,0.95182,0.87126,0.97259
0.96694,0.95239,0.91927,0.85161,0.90085,0.90893
0.95983,0.86292,0.97291,0.8201700000000001,0.97853,0.90563
0.9658,0.75818,0.97441,0.8717,0.9746900000000001,0.95522
0.87796,0.81924,0.98499,0.95208,0.90644,0.95929
0.96361,0.8116,0.98025,0.80048,0.97586,0.96819
0.8772800000000001,0.90707,0.9619800000000001,0.851,0.98611,0.91657
0.90718,0.87407,0.91801,0.96836,0.90976,0.92261
0.95164,0.96126,0.91069,0.91101,0.80921,0.95619
0.95357,0.85131,0.83411,0.96715,0.96889,0.92497
0.96899,0.91012,0.8512,0.90431,0.95804,0.90733
0.91612,0.95758,0.95611,0.95142,0.91169,0.80708
0.90033,0.76861,0.95839,0.96453,0.93833,0.9698
0.91395,0.97177,0.96977,0.95658,0.7234,0.96454
0.90966,0.91949,0.92055,0.9251,0.85734,0.96785
0.84592,0.95956,0.95808,0.8014,0.96011,0.97492
0.96682,0.96095,0.7176,0.96108,0.97616,0.91739
0.98502,0.96727,0.8017799999999999,0.8694,0.91765,0.95888
0.99515,0.85212,0.80589,0.91438,0.95679,0.97568
0.91212,0.93523,0.91283,0.85037,0.9305,0.95895
0.95654,0.86757,0.95619,0.87767,0.97158,0.87046
0.91296,0.97613,0.76939,0.95741,0.96357,0.92054
0.90039,0.97251,0.85005,0.95756,0.8594999999999999,0.95999
0.91369,0.92147,0.97396,0.91381,0.91033,0.86675
0.96704,0.97282,0.77503,0.95399,0.93006,0.90106
0.8161,0.90487,0.96364,0.98903,0.91226,0.91411
0.91081,0.86983,0.96182,0.96946,0.97243,0.81565
0.96433,0.95208,0.85044,0.85554,0.97705,0.90056
0.90498,0.92008,0.97768,0.8774,0.85887,0.96098
0.90384,0.97301,0.96246,0.8240000000000001,0.97272,0.86397
0.87024,0.9204,0.97388,0.80347,0.96007,0.97195
0.91238,0.81874,0.963,0.97215,0.90626,0.92748
0.82132,0.97793,0.90358,0.97042,0.8638399999999999,0.96291
0.95033,0.96024,0.91568,0.80579,0.91066,0.9573
0.95028,0.91048,0.95501,0.97015,0.86251,0.85156
0.95595,0.95729,0.80258,0.95594,0.9714,0.85684
0.7625500000000001,0.94023,0.96239,0.9505,0.90334,0.98098
0.87741,0.90154,0.96095,0.87908,0.91794,0.96308
0.75879,0.98132,0.98355,0.95448,0.86159,0.96026
0.8697900000000001,0.95207,0.82352,0.95672,0.9243399999999999,0.97357
0.91281,0.96873,0.97095,0.86412,0.87798,0.90541
0.7646999999999999,0.98639,0.97726,0.85206,0.96313,0.95646
0.82225,0.95433,0.97107,0.85133,0.98327,0.91776
0.85284,0.94205,0.95397,0.90507,0.97178,0.8743
0.90965,0.93851,0.85244,0.87186,0.97191,0.95563
0.95514,0.92857,0.96262,0.8155,0.92855,0.90961
0.96901,0.90967,0.76757,0.92922,0.95714,0.96739
0.81565,0.92822,0.96634,0.95701,0.95873,0.87405
0.97032,0.91147,0.95861,0.7308,0.95789,0.97091
0.95939,0.96337,0.95015,0.91401,0.95873,0.75435
0.97089,0.91856,0.72475,0.97261,0.96256,0.95064
0.9759,0.87329,0.97104,0.82128,0.90472,0.95375
0.87142,0.97587,0.91249,0.87122,0.95329,0.91572
0.96119,0.8667,0.97379,0.91348,0.92539,0.85945
0.81974,0.93231,0.96405,0.86064,0.95755,0.9657
0.7285200000000001,0.96975,0.9136299999999999,0.96914,0.95503,0.96394
0.78155,0.95562,0.96831,0.96059,0.90819,0.92575
0.95752,0.9045300000000001,0.90524,0.95841,0.81194,0.96237
0.81175,0.91416,0.91069,0.9801,0.92586,0.95744
0.80793,0.90945,0.95793,0.91748,0.98113,0.92608
0.98675,0.77234,0.96265,0.90469,0.92094,0.95264
0.91657,0.91397,0.91145,0.85441,0.98435,0.9192400000000001
0.96723,0.97093,0.76859,0.86295,0.96698,0.9633
0.9531000000000001,0.9596,0.9681,0.95434,0.75377,0.91109
0.95687,0.96035,0.67337,0.97009,0.97067,0.96864
0.97655,0.75692,0.91432,0.96299,0.91305,0.97617
0.86976,0.92019,0.96475,0.91268,0.90616,0.9264600000000001
0.91425,0.95629,0.9012,0.9529,0.81241,0.96295
0.8925,0.8598600000000001,0.95768,0.96795,0.85615,0.96587
0.96378,0.85975,0.95882,0.95798,0.8575,0.90217
0.95508,0.9509,0.98515,0.75004,0.95306,0.90576
0.85943,0.82219,0.9106,0.97534,0.9736899999999999,0.95874
0.86653,0.96638,0.90005,0.97995,0.92155,0.86554
0.9658,0.87029,0.91595,0.92706,0.91782,0.90309
0.85473,0.96782,0.87707,0.85754,0.96776,0.97507
0.96601,0.83066,0.96836,0.96134,0.91465,0.85898
0.98422,0.75573,0.86136,0.95201,0.99377,0.95291
0.85118,0.90143,0.85356,0.97703,0.96548,0.9513199999999999
