3.5515604867725203E-6,1.001342107800115
0.025798672474185075,0.8423989737718368
0.042267786923866534,0.7977737722216218
0.06554503519698078,0.7471164525567633
0.07982553585649171,0.720157107345338
0.10291753547315065,0.6818508259851854
0.11702225595589567,0.660778339494335
0.12466369624092984,0.6499170931236791
0.1313966411539262,0.6389276800090598
0.138774208313751,0.6297858621969046
0.1848663821763423,0.5728090181593237
0.19029775116570677,0.5660916189008575
0.19692325480299958,0.5574805240566293
0.20511989777180026,0.5495386289878904
0.21238511756007583,0.5414750091910274
0.21989922530468325,0.5330744086589061
0.2269102961264823,0.5256622422613217
0.242608768375411,0.5102934532983434
0.24947916716981824,0.5026821667749035
0.2654185397695142,0.4880807511987127
0.2724258093435672,0.47978160001608566
0.2960657941178876,0.4579562536385872
0.30386923103791197,0.45116379774298304
0.3120312436766997,0.443632558005111
0.32069632797411646,0.4364688883002567
0.3271089487961999,0.4298752252947824
0.35232953830113334,0.4087314168506035
0.3607594110422869,0.4016558878209227
0.3881438184252799,0.3799911881304405
0.40281555113028655,0.36752068761146606
0.4386012254802625,0.339778891482101
0.4469185653429829,0.3333181612795288
0.45767134552148775,0.32640645786876865
0.4860276850220896,0.30544194781849804
0.495888220431415,0.29791233464890804
0.5050453881855349,0.2912811511880162
0.515812275055313,0.28391565870338187
0.5261446327789755,0.27702094537523286
0.5465180955210792,0.26251449602113985
0.5558588856364094,0.2561869112616657
0.5779045186803993,0.24132698930571753
0.5891882203791935,0.23413078969160286
0.6006165735170071,0.22702427945746506
0.6113779696155137,0.21950261891649833
0.6225067853913067,0.21359274098000414
0.6345269962307765,0.20543114496810824
0.6471445200374911,0.19807709062325313
0.6578144089705961,0.1904241764330856
0.6713351748781582,0.18361013703889972
0.6837230061653754,0.17616782401448614
0.7350814501871283,0.1443557201386645
0.749727182557042,0.1359393888341647
0.7928598749053148,0.11163295059768162
0.8072175957784803,0.10310169415345863
0.8341809399852348,0.08876816168453901
0.8548957588061958,0.07732808956606253
0.8704661006304972,0.0686962617825476
0.8901906849791446,0.05850654917451635
0.9058406317032637,0.05066955073771966
0.9242401982642087,0.04042176350923991
0.9430310579420372,0.03122304725699422
0.9586535011425866,0.02241023866784557
0.9993412071447679,0.0020917163477361216
0.536329726179003,0.26949037235325735
0.17160245199510646,0.5888696391716831
0.010366562076788849,0.9031715973410799
0.10978757431640955,0.6715799072266331
0.342581318398125,0.4173281133315709
0.40748432591668315,0.36372177649069803
0.3758313163543079,0.3893668495809781
0.7169862290969735,0.15497794385229907
0.14666320197816862,0.6197658414654381
0.09335140194402387,0.6975133491336514
0.7741839978776008,0.12235202186189367
0.7017133018208981,0.16351654751661288
0.41502206537192465,0.3572610459657835
0.5635676516184547,0.25102025508184417
0.23231996123085022,0.5217060917562054
0.05174244919110096,0.7748689234065266
0.15261531216575985,0.612053859188928
0.03464300187317902,0.816091241671859
0.27952408742249857,0.47325905538104523
0.16446780016109916,0.5968578946066803
0.42359979898459477,0.35196479330597574
0.3336999665095869,0.4235671973033404
0.4654874087662375,0.31961074601231637
0.47438043827978227,0.31353268408288315
0.29064677908865255,0.4626076198662049
0.25456503893890486,0.49753954995629046
0.36774116752279484,0.3953054981936485
0.7616665664486144,0.12890004834750365
0.3959782178940388,0.37242299849274846
0.17986033681463376,0.5777125597446224
0.43190623099729053,0.3456909948784174
0.8212524633214046,0.09593978619196006
0.28481863898279697,0.46863601971583113
0.1574588467241598,0.6059604785611432
0.6904359960727291,0.17045202594977793
0.07261840480735146,0.7329147056849089
0.38159953178831363,0.38374928337289904
