0.00837746561496644,0.9128368842264007
0.02536067766381911,0.8266614449361495
0.04080748705250875,0.7614833129793066
0.06524744252047712,0.6902927669218131
0.0829714860503887,0.6729492947960262
0.18657540856691837,0.6479250027565341
0.19695389159715807,0.5806216972900435
0.20158140149525014,0.5437380086782901
0.21637368259957027,0.4314975033457069
0.22119184499282513,0.39617273883669285
0.22931186241658444,0.3430134222592038
0.23610869868471268,0.30255866398583003
0.2518201290635099,0.2500790103051174
0.412533177435696,0.20529524528639012
0.4177069072444869,0.13599523006649872
0.43594131834129374,-0.051585553670301994
0.43827825256850317,-0.0682105828950763
0.6183730235868683,-0.12198092192474985
0.6219157954376575,-0.17672413310257434
0.6247069226610913,-0.22517189694728726
0.6264912789778434,-0.2526669943832051
0.6330897701960674,-0.3387652038740301
0.6346342978194116,-0.3559566853055416
0.6371112409503373,-0.3810155700210353
0.6392291833010216,-0.4000223039133018
0.6453379158102236,-0.4392448673387692
0.6504801601255794,-0.45354783829919
0.8240775174161166,-0.47100973123465995
0.8247869137198719,-0.48502986079277893
0.8259677452965649,-0.5075426882860927
0.8284957449625961,-0.5495133541981178
0.8311853826056488,-0.592238042675928
0.8319106705367318,-0.6112512128390182
0.8345463801610193,-0.6499392833756452
0.8358941270938024,-0.6667182761644038
0.8391729687483883,-0.7024110910651987
0.8411005139558602,-0.7185104245569531
0.8431416863059225,-0.7399722857412349
0.8456116971964714,-0.7550168902680219
0.851928489817425,-0.7712161498072305
0.6227475938689678,-0.18837970198288137
0.4251874002959466,0.048704209307027506
0.6473074344112264,-0.44707285904360705
0.4166245307333632,0.15487422268807424
0.8293135092934013,-0.56884145500632
0.8334764389885468,-0.6344247777294275
0.6271064048670286,-0.2600150464046814
0.633829503426135,-0.34783179397845737
0.8314910293208422,-0.6042775565757765
0.4309546675470215,-0.010240039587985278
0.622759202949615,-0.19519377514015834
0.42983465712640095,-2.4198983576103865E-4
0.628181575544214,-0.2757425003457621
0.64123763470487,-0.4146561534433288
0.44958019715030095,-0.11738374260423755
0.42312484906042946,0.07064078142987211
0.4434974603376448,-0.09806247450155266
0.8383552044175832,-0.6936892723650763
0.8420558065067274,-0.7315158975494616
0.6307736360412405,-0.31035241637576694
0.6378284894712292,-0.3886954275339654
0.6314979841513875,-0.31940823631919263
0.8261867948357509,-0.5128025791790383
0.8267994479890834,-0.5241279701188186
0.623677846102254,-0.2090154805964098
0.836430686889607,-0.6742256045019884
0.6364012544367396,-0.3745298874513079
0.8371168095719294,-0.6823160541157322
0.8325992486779104,-0.6203389395455013
0.6420377728653417,-0.42091549019300917
0.8237767246021919,-0.46444972901225534
0.6192405787090911,-0.13033793825280196
0.8288928164349018,-0.5612436048399633
0.4204333871533334,0.10270100806220929
0.8450950074955887,-0.747485593586449
0.6205151361529466,-0.15789338564660613
0.6323082974735103,-0.32934009561092237
0.4345175419703009,-0.040276268796372895
0.6302155413928567,-0.30352716913508204
0.43292275244647827,-0.02748713932944793
0.827328080094845,-0.5334068576985633
0.6255238118679094,-0.23242558765018628
0.4279074239399806,0.02011650681452178
0.8298403402407661,-0.577030983140548
0.4463761626426083,-0.10932583895841666
0.6287316621945681,-0.28382233857457356
0.8253370003689134,-0.496228363557088
0.6443221397545706,-0.43437032145141574
0.8413454703942163,-0.7255366284419921
0.6362459322513156,-0.36838040983289644
0.4407311383808254,-0.08354018986622531
0.8350283133457753,-0.6557296117386116
0.8478099709878203,-0.7646583378326682
