1.346912623011523E-5,3.7337761330987537E-4,4.7571221929106197E-4,2.9913768181832315E-4,6.230106210709787E-4,1.9088642432059228E-5,0.0011270638556310194,0.002440499499706595,2.6344907808433437E-5,3.8764168782897855E-4,2.740453621908423E-4,0.0016949810370986398,3.963719964704761E-4,6.476128600611624E-4,0.0027021891840332637,0.0011644055026931107,4.44916672219012E-4,0.0017063060252085925,6.722331590535066E-4,9.202216989525207E-4,0.0017372831114099894,5.297318715050485E-4,7.889760212654881E-4,9.689914769214583E-4,3.238486867096019E-4,6.418957893523361E-4,6.59100055737506E-4,8.156005831460168E-5,0.0014924574161483697,8.823547117639171E-5
0.054437870246853134,1.8945973484732638E-4,4.682207848784221E-4,2.0675617194480075E-5,7.481008901754737E-5,6.630743877372908E-4,7.569365091411216E-4,0.0010756615964586968,2.8159541539561476E-4,5.16470264349818E-4,0.0016727784037154068,4.737450523187245E-5,0.001064567738648204,7.65383524352852E-4,4.5351172845462843E-5,3.554545801291726E-4,2.932132956036444E-4,8.595589616993711E-5,2.7789413911532694E-4,2.4412348873652026E-4,0.0011931261629483368,3.738747479447935E-4,0.0038671348106243527,5.370768445549061E-4,2.2001444571955944E-4,4.0128627242853014E-4,8.081548740141736E-4,3.189778968341669E-4,0.0039017456546792625,0.004404825164118229
0.08482819570243844,2.8300010580826183E-4,2.1842525756054956E-4,5.448048577179902E-4,1.5009680454066326E-4,5.900552756811496E-4,7.771474402282197E-4,0.0011913698636258389,3.1674891973221855E-4,6.194073326288536E-4,5.848834844336833E-4,0.0018371657696591905,5.151984211947776E-4,3.805942476569604E-4,3.520258764474416E-4,1.4325466431467808E-4,3.502633621957013E-4,2.013712831952474E-4,1.839338912538827E-4,9.836869498518782E-4,0.0012323922673920353,5.06062177562089E-4,1.0962941620193737E-4,4.4633251490045444E-4,3.828953403293918E-5,3.802555553167196E-4,2.8749178711852933E-4,1.6868324447463431E-4,0.0014145595860035377,1.6167419125345846E-4
0.1965016373818696,7.153890946800688E-6,6.11103787139886E-4,7.764356319808318E-5,7.728159249843476E-4,1.8186172518072153E-5,1.3140276973190484E-4,7.029237468981931E-4,6.305284757147971E-5,5.206696963172753E-4,0.001637136238822946,9.441078550071559E-5,2.41596071577588E-4,7.721948149058462E-4,0.0011611626249380088,4.5607992727505077E-4,5.313518868580351E-5,1.7574412001857402E-4,2.4640278255630595E-4,2.2910625427584514E-4,0.0011928528266339502,0.0014561515527678293,0.001305281110450786,1.7566402260922785E-4,5.362659186281136E-4,3.213563476371045E-4,4.222735925347546E-4,0.003020144652570854,6.097756323624759E-4,2.6895545967930274E-4
0.2069826179295911,3.6925667610850695E-4,5.638258833622711E-4,1.383116650219669E-4,1.6211359196117257E-4,2.0588317787713044E-4,8.485922763838276E-5,0.0025256527769184946,3.5630708559524773E-4,8.738386850541004E-4,6.614908913239416E-4,4.566240403569983E-5,1.745471123376634E-4,3.8690916501612295E-4,9.297789556572879E-4,1.9778273698848296E-4,3.7488758243460593E-4,3.821948248755552E-4,3.936383944895695E-4,7.567163438742372E-4,0.0012221695378909583,0.001026638587934589,5.647942806362416E-4,5.542498170757991E-4,0.001125734754302734,3.7767806186618405E-4,0.0011735717738701802,3.7213011008263705E-4,5.746884753345118E-4,6.87656232049951E-5
0.2553831017890101,3.6100847060237034E-4,4.421425459131364E-4,3.585702186592093E-4,3.880393055934964E-5,1.6780839562652037E-4,7.545976709568183E-4,0.0025648116707559293,2.7485886200559473E-4,4.1454343203516455E-4,5.304738138935202E-4,2.687506406536907E-4,1.7066227709564016E-4,7.787437804055731E-4,0.0022006044623840426,3.363375171492846E-5,2.834069840180395E-4,1.5780336998451637E-4,6.004515557315078E-4,8.074126861398966E-4,0.0012219208581169595,2.9715763257140426E-4,5.12793695605374E-4,0.002336483094238094,2.3716601854010567E-4,0.0010175911252445651,0.0012223421777003162,8.036355066801202E-5,3.080320163337824E-4,4.944544268467949E-4
0.4092445934170559,3.7174122185184563E-4,1.2025779472537516E-4,5.280081545588186E-4,7.235831375055734E-6,2.2862059516166948E-4,1.302222244702571E-5,1.9916428173022784E-4,3.5794387253291685E-4,8.784718370184803E-4,6.306504049602794E-4,8.31633690231493E-9,2.687122761805307E-4,3.292860429197474E-5,9.452773418435771E-4,3.173207820768423E-4,3.2655857531780616E-5,0.0016174485719753391,2.7074972865219666E-4,7.546168890811477E-4,0.0012049962692565923,4.669767954317991E-4,4.6855706602015184E-4,5.540895282878345E-4,9.042985744099436E-4,3.581967020922181E-4,0.0021533490425713554,2.3123895174811352E-4,3.0355979627769104E-4,4.998385954419366E-4
0.4115395055751503,2.4071032137693238E-4,4.3783379109129034E-4,9.32664719723708E-5,1.4972739493348478E-5,1.7037411261425277E-4,5.092868602647444E-4,0.0010434539448226671,4.27654186970113E-4,6.724476928222667E-4,6.599960419397079E-4,1.1582813546225283E-4,2.977554587535031E-4,7.297593866859314E-4,0.0050096656614207185,3.052422719306548E-4,3.878901324586304E-4,0.0011309393965047998,0.004110055844497109,3.39561170870791E-5,5.18028616790289E-5,2.6135724093377937E-4,2.651448484763836E-4,0.0010944146057247453,4.231832466865947E-4,1.2983273093326376E-4,0.0012652510198694648,2.543605018048075E-4,0.0014081830938523017,5.125297932815304E-4
0.4163963341182666,6.6960629764774E-4,4.601731998430834E-4,1.9356847187509334E-4,2.5283251019676107E-4,1.529162080625862E-4,5.343967468496228E-4,0.0011889880174737444,4.549720077630815E-5,6.180073629882542E-4,0.0015585025809612802,3.497488886026024E-5,2.0579619350854426E-4,9.321200154791874E-4,5.588954628508725E-4,3.9754059903870356E-4,3.3260819478827375E-4,8.521764736394647E-4,2.238598381899626E-4,0.001441224682286517,0.001276751097586733,4.761740528103529E-4,7.571864333299837E-4,2.9644219080560553E-4,7.816809235057774E-4,2.954776070785783E-4,1.6884913728630157E-4,1.075690214591067E-4,2.6064498308831093E-4,4.812976799212607E-4
0.42663699999385063,2.7280462747783523E-4,1.9961757564469039E-4,7.403204963165664E-5,0.0028666596141679558,4.7598703606485975E-5,9.340064814526378E-6,1.627282440727386E-4,2.2727896485335542E-4,5.199759389586181E-4,4.859036505205155E-4,1.3353898729006637E-4,1.7115112840411837E-4,8.261399607745761E-4,8.187193812332828E-4,7.89665464152856E-5,2.0417710587137313E-5,0.0027731624830640423,3.6264237202182636E-6,2.798892698682209E-4,0.0012151312339808628,0.0010189710122962346,8.040209352155735E-4,6.375420646908623E-4,3.449660675189539E-4,1.411948166881797E-4,3.443668235680404E-4,4.588701363296559E-4,1.701317017662423E-4,4.900832692394537E-5
0.432649851984247,2.2469411536278774E-5,6.276757998573318E-4,9.568438508897858E-5,1.3622818544659635E-4,2.8545413746779017E-4,3.294630128215857E-5,0.0011646032677312605,4.0396049821324873E-4,8.572612819717343E-4,5.120466914853403E-4,3.1653585539397793E-4,3.7685394051458214E-4,8.401128486557626E-4,0.0014153466428566993,3.599138568109469E-5,4.279666716224137E-4,8.842439079325746E-4,5.575448742175566E-6,9.545046580901887E-4,0.0011056248538331892,9.139765935991151E-5,0.0011298254475598738,7.887135020819567E-4,4.126405966393764E-5,0.0011751322916705228,2.3951977242700522E-4,1.1305036386338339E-4,5.181203261284781E-4,1.914466703034023E-4
0.438612420107171,4.758866041866119E-4,7.690382681970523E-4,8.712943184749388E-4,5.966134830089542E-4,2.4839622317330916E-4,5.311710880775306E-4,9.376694498968867E-4,2.6073075673176973E-4,0.0011361678757224958,0.0016212529227714115,1.8631295507177349E-4,0.0011932432222575408,6.52409161734555E-4,2.814909516653144E-5,2.270709691569679E-4,3.257812603359696E-4,0.0011238250406320227,7.180146489628028E-4,2.936583224831924E-4,0.0016793564085635752,0.001047607969882052,7.520510751054256E-5,1.38171120717339E-4,3.8377657920538765E-4,9.97819352666089E-4,3.1789874584113316E-4,2.996360871302355E-4,0.0022731312929794413,6.663013355028154E-4
0.44246867199645845,1.7933874128707374E-4,2.2340274739012777E-4,2.2025664044143881E-4,8.163830416111045E-4,9.201419961841638E-5,7.068414303921101E-5,0.0012172011242663533,3.692697337363707E-4,4.749448527947281E-4,0.0038153455732642377,4.997593766321547E-5,2.3813338442662293E-4,7.687388009211106E-4,0.001052446396111344,7.47010145490736E-4,4.057208421544802E-5,1.7574412001857402E-4,7.520856307540367E-4,2.2910625427584514E-4,9.247777608895232E-6,7.459878673919533E-4,2.5802895791770327E-4,1.8368770006430555E-4,6.672393276639394E-4,0.005621339641405196,8.512131856876345E-4,1.4017935621010085E-4,5.710539326653476E-4,2.758453027778265E-4
0.44776659685042264,3.9022428195543805E-4,6.10951883856782E-4,5.445196890412167E-4,5.831825547966453E-4,1.6060506971446673E-4,7.091313726724686E-4,0.0010640492018461627,4.1837092649416724E-4,0.0010251599043752154,4.420023912434303E-4,3.9731026915369944E-4,2.4424000325285746E-5,3.139209538272488E-4,0.0035789914973223024,7.343006846556052E-4,4.1689653874123596E-4,4.607332649488223E-4,0.00167137335644693,6.32383408830136E-4,4.7114763266376257E-4,1.3350404147381353E-4,9.722943506953075E-4,6.638069074829735E-4,6.649657054369615E-4,4.583332949400717E-4,0.0017031991966318365,1.2688748503971153E-4,5.851432379711412E-4,5.023253918686038E-4
0.45448706189102633,1.8342468548370684E-4,4.395062424311624E-4,2.2552083822160706E-4,0.0017124638817407488,2.4282779480624758E-4,7.325367072237679E-4,6.255729698654495E-4,7.483191327213157E-5,8.842933904919149E-4,0.0013867613438261653,3.260793627020527E-4,2.838430773468339E-4,1.988756360539783E-4,3.27220526468783E-4,8.262702397322129E-4,3.754697285460743E-4,2.97658387615808E-4,8.54348694954163E-4,9.320913601840967E-4,0.0011070260108471054,2.047325634005899E-4,5.697920668944407E-5,7.262264512481486E-4,1.0351079634461787E-4,1.2209949807575574E-4,5.731472005799076E-5,1.7889065207976054E-4,6.878981862100756E-4,2.5790012973502023E-4
0.6187328111375756,1.729619824574994E-5,6.083506012109183E-4,2.1262335545859978E-4,3.965390181734598E-4,6.43105807264408E-4,2.6838553928540213E-5,0.0026899858820751414,3.691595337541622E-4,8.781318498954821E-4,7.587213952275104E-5,4.063412279421253E-4,2.594452430018611E-4,8.22477720841888E-4,3.9648073079931196E-5,1.0490507056287583E-4,3.868380745588359E-5,4.694762462064371E-6,2.955859220183203E-4,2.3794385500006994E-5,1.2387272387671098E-4,5.253418257983851E-4,0.0029473762810697823,1.6445584168272654E-4,6.709066400017645E-4,3.0997959461100236E-4,7.907623745014143E-4,6.663139353509627E-5,0.001595835811008692,0.001065818204956194
0.6219040686471126,2.2943341253256987E-4,1.8132243847001988E-4,2.5605619470163936E-4,1.1234160232720209E-4,1.0373782874747992E-4,6.344950294761371E-6,1.7385150411457573E-4,2.704056273169974E-4,5.279993267338795E-4,0.0016220985498583008,2.2430551273121618E-4,1.7560558965887371E-4,8.260744989176302E-4,8.226158984315879E-4,1.0476283742205047E-4,1.195162144797549E-4,4.1106494925561383E-4,7.730481853559729E-4,2.759426652336912E-4,0.001215704765659525,8.703863658356424E-4,2.570917783402675E-4,7.426000757763554E-4,3.4496715490345655E-4,1.216004904701566E-4,3.606635140790671E-4,3.847275670913374E-4,6.084221792516963E-4,4.764605101390375E-5
0.6236115101803426,6.236981782555142E-4,4.712807494720336E-4,0.0011735312705988764,8.157387371294189E-4,1.6755711751899934E-4,1.9241512913860718E-4,3.245857682272908E-4,8.540075289115677E-6,0.002346246497106409,6.943520546055998E-4,2.5309413676350627E-4,2.1514119148175446E-4,7.338407304087146E-4,0.0037103077955482127,0.0012908429237132406,7.667491299742146E-5,8.814013592812063E-4,0.0013720264899351982,5.956140735369931E-4,0.002408794640115036,4.150427222691774E-4,5.983508976408195E-4,5.258512049849085E-4,7.27830566633812E-4,7.38553098704091E-4,2.18081629404368E-4,2.5037595013100225E-4,5.566748926645704E-4,7.196267282530759E-4
0.6254159723343142,0.0010460095286902,6.206515933435845E-4,7.205291790623945E-5,2.084749259707473E-5,1.8431755251363083E-4,8.31422146016072E-4,4.920867570227237E-5,1.5417956023349358E-5,4.374319577811456E-4,8.839409887786677E-5,1.1496472056561646E-5,5.9818677329181785E-5,3.363448307167954E-4,0.003596915526752531,6.95145430268473E-4,4.773343840923849E-7,6.057557461844492E-5,1.1802755856372797E-4,1.9299549562483736E-5,0.002585942188477776,0.0012366586366334992,5.8227277313878414E-5,3.3193123202753894E-4,8.378171705144787E-4,0.001248135952527955,6.201912783879427E-4,0.0018911550699373413,0.0016608753407643354,1.6514119268970075E-4
0.6269052023233541,0.0010897458285880712,3.6497807427577543E-4,9.710025578232704E-5,4.746876417773745E-4,0.0029699339201111116,5.0857172827917035E-5,1.664146107215271E-4,8.207874829236546E-5,0.0010082921559898522,5.118842046509223E-4,5.776192601178577E-4,6.92742642656232E-4,6.600051608116783E-4,8.227392201218642E-4,2.7894489113067266E-4,4.088538280327289E-4,0.0038364055140906778,0.001409728068017136,9.698069307079242E-4,2.2020253356738035E-4,1.409265145887866E-4,9.719789648064759E-4,5.17733482291902E-4,4.417452930241522E-4,1.1064187803921648E-4,3.6100510466086105E-4,2.999465227776126E-4,2.6776554258232894E-4,2.990165245605962E-4
0.6280881069994354,0.0011076335543453784,4.656186439176488E-4,8.453661511033221E-5,1.377882509083493E-4,1.5775685924372332E-4,1.0706750462258156E-4,0.0011807088029319643,4.9776095073685896E-5,0.0020843851204243495,7.716832289513597E-4,1.2093749828239302E-5,1.9746083270372216E-4,6.023711916151277E-4,3.154231177509509E-4,3.5783352995364455E-4,3.3605475895751567E-4,4.1487965065272115E-4,5.12346821568681E-4,9.164315008442528E-5,0.0012768370112549413,7.84382599585892E-4,7.697137616660549E-4,6.428602244013737E-4,5.308659813426254E-4,0.001329762768259201,0.0011494490737379752,3.003180235963736E-4,0.001236737630941764,8.12218779866735E-4
0.630182618752765,2.0195645360224272E-4,1.3492357266408096E-4,2.498720770046848E-4,2.579279028851883E-5,1.6371727540838045E-4,7.993698865528412E-5,3.100221835189245E-5,4.868633346237134E-5,0.0018837655643822158,0.0015651783600455337,5.744455587544559E-4,0.0010654290012356966,6.14917359308002E-4,8.893772248267902E-5,3.444660425657142E-4,1.0197544636046631E-4,4.605678382467428E-4,0.004251523191465298,1.659843517422757E-4,0.0016403168139438422,2.3520245124331062E-5,6.096124709752437E-4,5.614429926966834E-4,7.912226011552732E-4,0.0013116861114091814,8.51979402734953E-5,7.309378630422079E-5,5.44565840706104E-4,6.851007403379531E-4
0.6320612523825794,2.4734381448100425E-4,2.2476001175496433E-4,1.8054916053654598E-4,1.377882509083493E-4,1.5775685924372332E-4,5.100617465122438E-4,0.0011793659740004367,4.8152581087046654E-5,6.493121230464595E-4,0.0015150585977110763,3.5243210376016976E-5,2.0272618704761996E-4,7.699276377320605E-4,6.865075600885151E-5,4.3455808985727015E-4,3.3605475895751567E-4,4.057799937583051E-4,5.144494679378076E-4,2.2982741069738254E-4,0.0012572108143988966,7.783329210969013E-4,7.697137616660549E-4,6.315265123859737E-4,7.83461710816381E-4,0.0013340161969336794,9.43886403082617E-4,1.3973630191959816E-4,4.532135595462048E-4,2.795980942862628E-4
0.6339883535472944,2.0300023853180005E-4,1.3392604545154078E-4,2.4994270593861736E-4,3.823001381547363E-4,5.656782599117502E-5,7.463419520231146E-4,3.524082446515616E-5,2.734765830141366E-4,8.406670907315612E-4,0.0016483438526738033,6.33690078479685E-5,0.0010682780106166354,1.1661981471788462E-4,4.092436457087516E-4,2.3988936402102618E-4,9.691615028824347E-5,3.4506449265398994E-4,0.0016295004061371507,1.6424563585608364E-4,5.449719432016965E-4,7.731798180861893E-4,6.275290888686397E-4,0.00441011804505323,7.900282953119479E-4,5.118305196930489E-4,8.571421312068457E-5,5.2795732328363856E-5,0.0010412666090793559,6.863909709417812E-4
0.6359300161722132,2.4790897750270185E-4,6.157762444413358E-4,2.684176990718589E-4,2.6015627211440345E-5,5.809206066892047E-4,1.0187031741410276E-4,0.0025880613526796693,1.9184992809249272E-5,5.371194808700564E-4,2.3964914891502092E-4,1.1496472056561646E-5,6.0735840712886264E-5,6.154421770691477E-4,8.911965012287395E-5,4.35540499820777E-4,4.773343840923849E-7,8.396517732534297E-5,4.053308898457618E-4,1.9709907464477447E-5,0.002563084103852685,5.247940818522564E-4,5.990416817050189E-4,3.55297020883023E-4,8.33341628205589E-4,0.0013112200327167556,2.668675990866352E-4,5.9936940600240616E-5,0.0016608753407643354,1.5100611224527636E-4
0.6380924788686797,3.299837703140921E-4,2.4999799607565735E-4,1.0424057286956795E-4,4.630386287556227E-5,3.002223499127975E-5,7.071297567276908E-4,0.0010551287260623472,6.729405311219975E-5,5.201631165205301E-4,0.0013660108479746562,1.4430143357318098E-6,1.3402758870611754E-4,3.120681984751435E-4,9.650694429411905E-4,0.0016431956200175515,3.763782768693665E-4,0.0010349288951291738,2.603705810165333E-4,6.360852892694255E-4,4.717461287370582E-4,8.042707613585863E-4,2.4471545173251517E-5,4.3504674158695425E-4,7.441733720217476E-4,7.846270717665879E-4,1.6949142937202244E-4,3.535854410459865E-4,0.0014458952655140233,4.96198828329844E-4
0.6407954235788973,4.0283769167920097E-4,4.3397703699847557E-4,2.67530074881918E-4,6.020403310907062E-4,5.5003702236635813E-5,0.0018528551429504614,1.5646172846844368E-4,8.862620022706866E-6,8.367252795654333E-4,0.0012423800894062857,2.7419187357335733E-4,0.0010295601642094625,5.032258784851641E-4,0.00220654821632283,3.406074941094756E-5,0.0014850757716141157,1.7267138788642968E-6,0.0013513241640514713,6.649463000807142E-4,5.656640037708612E-4,2.935018049932583E-4,6.18215921124063E-5,8.225014233640093E-4,5.181420957488204E-5,3.705640852374161E-4,0.0012398158056070516,7.937290405869712E-5,5.92542328897439E-4,0.002298886688363099
0.643835125852305,0.0011124402583706345,4.416311739046608E-4,9.355240502879729E-5,1.377882509083493E-4,1.5775685924372332E-4,5.072155073223196E-4,0.0010823518932926482,4.246931532342181E-5,0.0020843851204243495,0.0015566322196313082,3.3681713221695426E-5,6.19491101112561E-4,7.831279838822545E-4,2.4068277702289618E-4,3.529609945025467E-4,4.653674962010982E-5,1.807006766720706E-4,5.144494679378076E-4,9.057675882817407E-5,0.0012771443251942596,0.0023256622367583183,9.350081853828534E-4,2.0596503019582654E-4,2.3541120123869567E-4,0.0013075137313030864,8.701088657324971E-4,2.0885579479310013E-4,0.002002411603538402,2.6445865299440445E-4
0.6483177920658757,3.299837703140921E-4,2.4999799607565735E-4,1.0424057286956795E-4,4.630386287556227E-5,5.834352575198876E-4,7.773260639459191E-4,0.0010634403342682005,3.1672015962116166E-4,5.201631165205301E-4,5.903727182969979E-4,1.4430143357318098E-6,1.3402758870611754E-4,3.80960000040819E-4,9.650694429411905E-4,0.0016431956200175515,3.7577595442826115E-4,0.0010349288951291738,2.603705810165333E-4,6.388707924095822E-4,4.715984803708288E-4,8.106879168077316E-4,2.6578692069140394E-5,4.350748726268731E-4,7.593633511199613E-4,3.7678253175940223E-4,1.7233407037957975E-4,3.589045659346295E-4,0.0014458952655140233,1.6628135467394026E-4
0.8237623238229637,3.9022428195543805E-4,4.1727378644638194E-4,9.748518496684455E-5,7.931520933437938E-4,1.631726906388743E-4,7.091313726724686E-4,0.0010280474089567476,4.1837092649416724E-4,0.0010237514119283786,4.420023912434303E-4,4.482274314980337E-5,7.32678562727238E-5,3.4630043624519764E-4,4.942745797707495E-4,7.343006846556052E-4,4.2642629347041305E-4,3.4522314488258995E-4,0.001657946117833493,4.2223427267612E-5,4.948869446746933E-4,3.030678711907035E-4,9.722943506953075E-4,4.4411621677487825E-4,4.3732638771362816E-4,4.5776689375513123E-4,0.0017001891029524239,6.193059715223681E-4,8.581807198289492E-4,4.871539744679393E-4
0.8261500444982959,1.450869927799699E-4,2.9577182238536997E-5,1.0989687839522489E-4,3.722773233997451E-4,6.135633494756702E-4,8.261722249259791E-4,1.2695469625533494E-4,3.706492179439991E-5,5.272435507227228E-4,8.571843594240276E-6,5.829697345884394E-5,2.2708724167448292E-4,2.6896531167181143E-5,0.0010802545062185542,2.207486189889701E-4,2.912270577231473E-4,0.0010324702863372414,3.567616115774811E-4,2.414291088175061E-4,0.0011498594505060982,0.0011143313945720045,6.097947240939375E-4,7.014069231858853E-4,4.5235903097708087E-4,2.915977431557172E-4,0.0017409044690453283,3.216757557190347E-4,0.0015328949901742821,0.0020891609132404182
0.8274530281589144,9.704973400966694E-4,9.921411767328818E-4,2.2861122603965795E-4,2.3976031907322582E-4,1.582201957082493E-4,9.8242765217437E-4,0.0013862831185806695,5.363559808260436E-5,1.7903986471906608E-4,2.6630810467217277E-4,5.9116923913935864E-5,1.6919730271482527E-4,7.585915906708986E-4,0.0034356869789774,0.0013996946485919982,9.940616441267341E-5,0.0026014740046314605,8.61207532632355E-4,2.414291088175061E-4,0.0025106277637783263,0.0012446523212647834,0.0028280945583005423,7.037865581178232E-4,7.299527580353374E-4,9.678407638775395E-4,0.0021688609842798953,1.1886203904595659E-4,8.506219900842444E-4,2.2699301773594172E-4
0.8285549855587855,0.0011348246916937212,1.7918885175717807E-4,3.244741461985225E-4,1.6800920373518584E-5,6.374602720372725E-4,5.283678172194398E-4,0.0024010827199951023,3.74594873704704E-4,0.0020297238826045916,0.0011168558534364267,4.935019467126022E-4,2.642430425103517E-4,1.0256192386705641E-4,4.4307587891576886E-5,3.4907224001955476E-4,0.0013820519140423945,0.0016409116147785285,0.0013502748719780022,7.784249553121201E-4,5.891908094510293E-4,0.0012430613975659157,6.034189199887355E-4,5.593575688364722E-4,6.902021360797633E-4,1.2128286282013001E-4,2.460347612555692E-4,1.6289440343440542E-4,5.510092182900461E-4,3.28498242199907E-4
0.8311034668951454,2.365163454252046E-4,3.6878070286815054E-4,1.0284139178095292E-4,5.364085365085214E-4,2.4502286757532805E-4,0.0018271983108214436,2.4054227058044873E-4,8.17257239188521E-5,0.0020965435106071644,4.5398959792581267E-4,4.548783611947702E-5,3.293985823691624E-4,7.196949434918573E-4,6.734081117693771E-4,1.8602440514774705E-4,3.4947058939731193E-4,4.949171940879662E-4,5.439069874023243E-4,7.767982531548784E-4,4.6853904400406777E-4,6.131998488976421E-4,0.001373192803363897,1.090442700761538E-4,4.78571327391793E-4,6.323876301162188E-4,0.002191690585211162,2.0319558433693738E-4,5.365397582460695E-4,3.129667060200327E-4
0.8323727840722233,2.879083509407755E-4,2.4603527639514166E-4,1.0348717482265915E-4,5.658579996095563E-4,1.1749253224671872E-4,0.0018256554003158087,0.0013337825070271472,3.115429960665274E-4,0.001762819331936317,6.282526531345668E-4,0.0017815879340364836,5.322022910486997E-4,7.591454481488069E-4,6.96380706051E-4,2.0965346032938094E-4,8.90822115677827E-5,0.0013077347163263453,7.382624743412596E-4,7.767412721724657E-4,8.620490781570241E-4,4.748303386130893E-4,5.20619969082822E-4,1.5517660832080078E-5,4.778745044606543E-4,3.642604419410947E-4,0.0022417048189356447,5.402875403026686E-4,4.703767818152211E-4,1.518823074741774E-4
0.8338196783146208,2.515713099456581E-4,3.9471816507825576E-4,1.8066429380735643E-4,5.590558139656458E-5,6.184491947119968E-4,8.300607318307575E-4,7.1814378401983264E-6,3.547109602234465E-4,5.361108792930634E-4,8.907520465546476E-5,4.342825507993184E-4,5.080185000309E-5,3.5633763631055213E-4,3.919684017095757E-4,4.518961368556895E-4,4.773343840923849E-7,5.923428458894452E-5,4.064595699776322E-4,3.7849025410726105E-5,0.002541801252089911,0.002257874672889196,3.4831650034384165E-4,3.404925680605909E-4,4.5529031159277015E-4,4.424767374441392E-4,2.668675990866352E-4,0.001873060489793636,0.0016608753407643354,1.57363431355174E-4
0.8368442277682339,6.02337773934132E-4,4.4100820852252434E-4,7.682885096254685E-5,5.718134142729119E-4,8.265724559191192E-5,5.948425536119456E-4,0.0011874963679702243,1.8068283011099138E-5,0.0019190322430832026,0.0010485074392034186,5.642097593006394E-4,0.0010890867288539153,2.5363771587223023E-5,9.593608726988961E-4,1.3350913099703107E-5,3.757889760465494E-4,4.258333316060735E-4,4.1243439255557766E-4,9.459881774294307E-4,0.0011952488864430178,2.381441195649467E-4,7.551701600141398E-5,7.165329284756525E-4,3.387498668859639E-4,9.346507450429167E-5,0.0021139552530166526,2.663765821000627E-4,7.146700202334923E-4,1.9877754962749816E-4
0.8385504573764722,6.025332701793964E-4,2.377470830168064E-4,9.391578297608074E-5,2.5475188974378657E-4,5.596973059050476E-4,0.0018824904417158931,0.0013652811913174132,3.1295943039821633E-4,8.62361514455584E-4,0.0014492442426521433,3.22731884215665E-4,6.995487030839608E-4,8.549838986362656E-4,6.181441804384477E-5,2.0509135882905416E-4,3.2470035569443433E-4,0.0012660198783475485,0.0013680880525233962,7.501686152510274E-4,8.613193645322901E-4,2.501437843225252E-4,2.728251307334656E-4,8.62534031326134E-4,3.6941643693856076E-4,7.035328130639968E-4,8.759323714292787E-5,1.629927121698236E-4,4.569631483744744E-4,1.6318353800992167E-5
0.8403899323741993,0.001153291082248069,9.33236366052361E-4,1.5928222308911745E-4,2.4601488798662154E-4,4.165288442316463E-5,7.342026794429481E-4,0.0010552914295510975,2.650067503069123E-4,6.735739464475825E-4,5.3276257342976E-4,6.590775567849566E-4,2.731159718645722E-4,8.243463025156944E-4,9.287960637458386E-4,0.0012365934266386114,2.158116322182048E-4,0.0011418068422011057,7.820222636869519E-4,1.1143035816607355E-6,2.9858978147280415E-5,2.596414827569116E-4,8.280593533764844E-5,0.0011025518249127273,7.527792174118306E-4,1.0360672582165585E-4,9.868018423601554E-4,2.852911590791269E-4,8.826250973150076E-4,6.831115238918806E-4
0.8425805137620683,1.9731508318941046E-4,7.20912637299574E-5,9.22779588797881E-5,1.5039580209075568E-4,5.208265103239615E-5,1.0103810275286575E-4,6.78398732849386E-4,3.5315578081156207E-4,4.8089686542446795E-4,7.567711072438476E-4,4.566240403569983E-5,1.402373726356788E-4,3.874196820902521E-4,1.5150356614118286E-4,7.029588078776269E-4,3.2414976656830604E-4,0.004036650798268135,4.753307160201489E-4,2.275082016896629E-4,1.0659418397829376E-4,7.097874265211857E-4,5.455661512892296E-4,9.269486982723591E-4,0.0011274294932535687,9.66848010530236E-5,5.57203274441736E-5,4.7783417712698935E-4,6.879091555225564E-4,1.6440674581037214E-5
0.8453473988564062,0.0011532525938368042,8.644889097296602E-4,2.9698139538395646E-4,0.00171220895615874,5.905048603291842E-4,5.214922092888752E-4,0.0010877688372615386,4.0562061389574325E-4,9.100946177612315E-4,5.297253356900077E-4,3.144118085879631E-5,5.152957063369061E-4,6.338409478997382E-4,7.6696572104177E-5,2.6331267857299275E-4,3.028105373911605E-4,7.961131669531399E-4,1.4242983649687309E-4,7.885603818822852E-4,1.9204904007851843E-4,4.938521700001067E-4,1.1025457750898079E-4,5.34910523539417E-4,7.514328742702516E-4,2.527668478521575E-5,9.90841553012498E-4,8.575919240963741E-5,7.49050301608173E-4,0.0025945676508056245
0.8515157178386685,2.9542231677235183E-4,2.2105727727750215E-4,7.03317778775422E-4,1.4390482222145545E-4,7.840854885804708E-4,0.0010047125714182565,3.4592415953299565E-5,1.1513838058340204E-4,0.0012662541137895718,4.612831898904388E-4,2.2415159251393724E-5,3.590486641098649E-4,0.00112222229402704,7.030049196784596E-4,3.3079149221425675E-4,1.7015301084034325E-4,0.001009104060482612,0.001314149934554084,2.8161716076734563E-4,5.260975911995224E-4,6.214254163594275E-4,2.112393971526015E-5,8.248104601303416E-4,9.799847729365513E-4,0.0010481568672155912,1.0609130607356894E-4,7.926950741704846E-5,0.0012221799265447403,3.170846728481168E-5
0.22918088364367545,9.136617983649607E-5,3.5954774997062807E-4,5.401200590426929E-4,6.065989361969898E-5,1.0421711977754587E-4,6.50594094377436E-6,0.001056235861656037,2.3156900674960703E-5,0.0018130848034776557,0.0010915672671388313,4.542960642313896E-5,1.3442251377237445E-4,6.704249843113159E-4,6.143958602982244E-4,1.5090350700757837E-4,3.3518946542568476E-4,0.0010139279085522917,2.4841341041886747E-4,0.0010342480928874377,4.735945328409663E-4,0.0012336601686572012,6.718426507288091E-4,4.522912250690905E-4,8.205274813912662E-4,2.9731007454298226E-4,1.9709627714083536E-5,6.420594406827818E-4,4.6852786039869727E-4,4.820770672763489E-4
0.23544562807232222,2.4326304542475084E-4,4.464735625931301E-4,8.509378076550574E-5,3.7680501320888735E-4,1.8474015069962929E-4,8.365152922535308E-4,0.0025488152966483546,2.402293995521228E-5,3.81465773694032E-4,1.5650659316964258E-4,1.518067906065705E-4,3.097679415168603E-5,0.0010732943063727527,3.6591430454959405E-4,0.0010432444174652057,3.9958147352443427E-4,5.240631055771707E-4,4.0496421026616175E-4,9.217387388575362E-4,0.0015628581491895503,5.311049738271709E-4,0.0011751876761163104,9.705821754139271E-4,6.554343257684274E-4,8.935829461758468E-4,6.561808248768154E-4,1.317229801283278E-4,0.004744998032876328,2.9715961705462166E-4
0.6332541151252142,0.0011719414583013011,1.7968935682857252E-4,3.090495033171832E-4,3.2067823423503634E-5,6.42155534777613E-4,5.283320813545618E-4,1.5036782706488228E-4,3.7133784975948377E-4,8.662382134393113E-4,5.974170729667731E-4,5.72101790956824E-4,0.00120179642669926,3.1990858722137313E-4,3.3402848741456975E-5,9.217569275890565E-4,9.041811076029441E-5,8.410985857932994E-4,0.0042825327285092845,7.972731462634247E-4,6.048143707498403E-4,1.3063864400744143E-4,2.692665293937506E-4,5.565629682670758E-4,6.896661290294292E-4,1.0290767726720321E-4,0.0016535417064967983,1.611494738383134E-4,5.58384488324759E-4,0.002550554514869453
0.4125842781514033,0.0010882473285574194,7.609230573063529E-4,9.126178137552544E-4,1.4579146121658244E-4,2.7231119234249026E-4,0.0010015469210323973,0.0025489177031578266,1.1489088347223269E-4,0.001139806428945529,4.945962203839986E-4,0.0018548702688280833,5.178951597387279E-4,9.701116390816859E-4,0.0035810996850150377,1.9874567143192537E-5,1.709447332829821E-4,0.0014620097261279364,7.747808714089176E-4,1.5861265481979152E-4,0.001697197329772339,0.0022684815231207417,7.393407963442633E-5,9.609241916190827E-4,4.5977441866608594E-5,1.0528652449368082E-4,2.98853400118395E-4,8.194437331256324E-5,0.0025220636683601356,6.443832197599969E-4
0.2188420904957944,5.858965224808912E-4,9.112437981916845E-4,2.5480353038071516E-4,4.500897432971546E-5,5.748949872640388E-4,7.39532113191714E-4,0.0012073541281755157,2.77722982622964E-4,3.7263309716114646E-4,4.41342957252159E-4,2.6010123318331407E-5,2.6733463787479626E-4,8.232015296734665E-4,7.524229778684798E-4,8.0769484070111E-5,4.0093612117857874E-4,0.0012397015824631144,4.067745967233116E-4,2.206318522841811E-5,0.0011069334463024534,4.967879825586569E-4,3.712526602639123E-5,9.037513149960752E-4,3.707292226899358E-4,0.0013341883765505525,0.0012632205020301599,3.203240192982675E-4,0.001587098268102501,7.458868061474841E-4
0.8250749903438132,6.205582207961089E-4,9.962169471862013E-4,2.2732898289947533E-4,6.171339558230399E-4,1.5578247132872587E-4,8.485081537411345E-4,0.002428398833785299,3.878546127765194E-4,0.006314229168871049,0.0015169888177934874,3.262869654680707E-4,1.0171466261685931E-4,7.591762816525169E-4,9.496328595141488E-5,2.2298048210365825E-4,1.0200927008274185E-4,4.1733306551092414E-4,9.289823279709328E-4,6.025260473985169E-4,0.0025025176968425916,0.001559471215645951,0.0012968159739504255,6.981962332592282E-4,3.317165971735496E-4,0.0013149604098548842,2.591338208623925E-4,2.32423707450743E-4,4.646392437342572E-4,1.8994026616105927E-4
0.6204224642778117,1.0937998972896729E-4,1.1411737245140853E-4,1.787312445255585E-4,9.924613490550345E-4,1.185422047942985E-5,1.3049920892552912E-4,3.524082446515616E-5,6.96367520477843E-5,1.2839439813458974E-4,0.0016692618730879461,6.149961489560049E-5,5.751786499741974E-4,6.487594953122488E-4,0.002690710037601834,2.038751061143042E-4,3.7184201862801585E-4,0.0028600577383616193,0.0016492269988234482,4.255918433877837E-5,9.469369928334604E-5,9.24112732801578E-4,1.8460958374070895E-5,0.0018222386142606344,6.859838319993349E-4,4.0646549228670674E-4,0.0017738622344220985,3.120350316950688E-4,0.0015089893180266732,6.61865782695405E-4
0.41045507600298475,0.0012901798233499035,2.23062789863231E-4,1.4280820999735421E-4,6.713556921610642E-4,3.277090640735125E-4,9.620445200000198E-4,0.0026157744390057865,2.921719878913139E-4,0.002030272376059973,7.978302394230128E-4,6.958218916745332E-4,2.247410196048958E-4,4.396696044940061E-5,9.128761116588819E-4,1.5811315859916116E-4,4.064450103496246E-4,5.26022752823991E-4,0.0011759844689400668,2.3094120541652322E-5,0.0012078515878969538,2.654636630103562E-4,6.819116715855436E-6,3.684141909613336E-4,2.0415318388625306E-5,0.0046673676393422705,0.0016635509728048295,3.2108567526452825E-4,6.297876576166551E-4,7.036936848502505E-4
0.8244821551118704,3.688023595170703E-4,3.527132248597052E-4,8.854351262160391E-4,2.4119551170721491E-4,6.333756297600753E-4,1.7547778190841074E-4,0.0010835423033323645,2.3019440959392445E-4,7.191694884020748E-4,4.6375989114399253E-4,2.8786687969913234E-5,8.307628832692684E-4,8.729638760915861E-5,7.985707834417793E-4,0.001340426285792264,7.487819007707896E-5,3.5618061116462736E-4,0.002789829036259495,7.351539335005575E-4,8.441865149701492E-4,2.57151119021327E-4,6.362861918986746E-5,5.184353802930224E-4,6.969774415086894E-4,9.252695159568053E-4,0.001763560427065527,2.6127208184438576E-5,9.430419417128968E-4,0.002569263424759681
0.8417476593277928,2.3776092574980044E-4,1.903650870941707E-4,1.146436886246967E-4,5.3582574468039696E-5,6.366951704754643E-4,9.98108881530884E-4,9.031946764023811E-5,2.839239115064912E-4,0.0023722068385929104,8.723740343484286E-4,3.1494512077311456E-4,3.734947395027905E-4,5.761480630681992E-5,9.678347510114864E-4,3.3260905155936245E-4,4.7075897128683454E-5,5.894146874868944E-4,7.545955151820091E-4,0.001316395776780644,5.646388974562599E-4,2.5628646652018944E-4,5.004767400246627E-4,0.0017636412847548708,6.893889445797472E-4,0.0010004704580190535,5.9129984499942286E-5,1.252700199588162E-4,4.07646398174893E-4,0.00253477969999484
0.4362090256272011,2.5341066051922775E-6,2.2340274739012777E-4,2.1341918571939886E-4,8.163830416111045E-4,6.381903759328518E-4,1.31496623714409E-4,7.029237468981931E-4,3.692697337363707E-4,4.749448527947281E-4,0.0038153455732642377,4.7321153778213026E-5,2.3813338442662293E-4,7.721948149058462E-4,0.001052446396111344,7.47010145490736E-4,4.057208421544802E-5,1.7574412001857402E-4,3.0094963216480434E-4,2.2910625427584514E-4,0.0011931261629483368,0.00232972023076188,2.5802895791770327E-4,1.8368770006430555E-4,6.672393276639394E-4,3.3330521969852244E-4,8.2331786454307E-4,1.4166238273312089E-4,5.978824708950757E-4,2.6895545967930274E-4
0.6213371647860118,2.515713099456581E-4,1.7033210749566708E-4,1.8066429380735643E-4,1.1833998104909203E-4,6.186126761853479E-4,7.686556097487301E-4,2.0459473990184503E-4,4.2204597066150805E-4,5.371448973037771E-4,1.0681836021710566E-4,2.23724379415684E-4,1.982643128119455E-4,6.581686110349984E-4,3.9859792671572455E-4,4.3162597055804424E-4,4.509827686924536E-5,5.923428458894452E-5,7.69450107392651E-4,2.746381708836607E-4,0.0025353392608133164,0.0022518531411392087,1.2718596447108599E-4,7.472587791119328E-4,4.5938008962157737E-4,4.504375102771688E-4,2.668675990866352E-4,0.001867305711344755,6.302315819348885E-4,4.568965225434384E-5
0.01036010423877709,1.8668304623021412E-4,2.269365178479233E-4,1.8786153797682926E-4,1.0116084707517458E-5,1.870125037522603E-4,3.1346615792528346E-6,8.477976756994769E-5,3.8121504787557423E-4,8.654326250221976E-4,7.910188757387132E-4,3.4409764128715947E-4,0.001085386159213237,6.351192606603748E-4,8.004233539243371E-4,2.836622453670278E-4,6.988390476789279E-5,4.8501915668015144E-4,3.322219757867043E-4,0.002657882571088621,0.0011678965697087846,0.0015425726067630876,3.072626121834464E-4,0.0025859970593559434,7.231832885521163E-4,1.862791385673461E-4,3.6979047150663386E-4,1.4195856210163788E-4,5.711598926447279E-4,4.899610199730444E-4
0.2152481439782453,1.628848126376805E-4,6.877960025152637E-4,1.441997578550625E-4,3.955490443070694E-4,3.326868251195381E-5,7.69142209848261E-4,6.355091733649116E-5,2.615081554787639E-4,0.0019181703781761131,6.145928791296614E-4,6.250201118569474E-5,8.060218820631353E-4,9.764121704459771E-4,0.0010875623112559193,1.1484613922138403E-4,8.831128533033462E-5,0.0010730549100565442,2.3902653389526766E-4,1.956502405174728E-5,0.0012497428111800176,0.0010718589340308164,0.0013618334841270898,5.676823335184252E-4,6.879270429552091E-4,2.980956678386857E-4,1.4168306763643864E-4,6.236257841388092E-6,9.069923658412469E-4,1.9504795772406792E-4
0.07426744325576883,2.8300010580826183E-4,2.229277369746953E-4,7.256361290454385E-5,1.5009680454066326E-4,1.8452353048507554E-4,7.982711300233137E-4,0.001196601064239831,3.0593218390790873E-4,6.194073326288536E-4,5.848834844336833E-4,0.0018497476333035208,2.781388491157386E-4,6.573980826121943E-4,0.0014016170106789002,3.5847409569465127E-4,3.502633621957013E-4,0.0017126205597018948,1.839338912538827E-4,7.932318551873736E-4,0.0012472365066853231,0.0012322841576190978,1.2327410700188537E-4,8.393253462925927E-4,3.831730801182803E-5,9.565075551528406E-6,6.384988624156564E-4,2.0438182873400618E-4,0.0014302288951006808,0.0022412255819872877
0.435083534718391,2.668465059007256E-4,6.083506012109183E-4,2.1234599421912797E-4,5.922862544699603E-4,6.420580736724133E-4,2.620703466729154E-5,0.001078432495980037,3.691595337541622E-4,8.856679303556351E-4,6.028291764674531E-4,3.965684410262984E-4,2.6800167069019427E-4,8.22477720841888E-4,3.2982817866057516E-5,1.0490507056287583E-4,0.001358728989786004,0.002868085207233978,2.955859220183203E-4,2.7397451213957415E-4,1.2387272387671098E-4,4.857419479678069E-4,2.4555631289956115E-4,1.6445584168272654E-4,6.709066400017645E-4,3.186310663102945E-4,7.907623745014143E-4,1.1540453048425725E-4,3.5930123743657823E-4,0.0010448605920545832
0.42403778035436046,3.8703939917119896E-5,9.614825629169121E-4,8.60615419533536E-5,1.3646760861206882E-4,6.415784043657211E-4,2.7931524475719875E-4,0.001908609337777028,1.144188682194235E-4,8.636579773359529E-4,8.487544808045478E-4,3.6675533537300613E-5,2.888717593154124E-4,0.0015178145766276449,0.0013592180728490989,0.0010376655142932366,1.655389113608665E-5,0.00471323515195473,7.470649448404287E-4,7.887655773990428E-4,6.210836979955733E-4,0.003413145367445017,8.059760650199893E-4,4.4118534628421915E-4,3.153584627163232E-5,3.034126472759183E-5,0.003884067657939106,0.0016811080470861962,0.0017184664888856805,0.0024359881592014828
0.034282824687744406,5.738250230043204E-4,1.2037908657759685E-4,1.7204802092334552E-4,1.3500929593417542E-4,6.65069402769795E-4,3.4123723975046415E-4,1.2297167089442683E-4,3.987148974371955E-5,0.0021978187593486506,0.001531592098538882,8.601869718269346E-5,6.523097610839316E-4,3.932147258788293E-5,0.0010968237363574453,0.0010749716439593048,7.943496221992884E-5,1.502978560462302E-4,3.464080379579655E-4,2.5880877851683376E-4,0.001231030518315787,0.0011136934538099736,5.342314936806066E-4,1.3034963624993998E-4,6.456821502595171E-4,6.808414710402778E-4,0.0011174359076995886,5.145182003775544E-5,0.001029830469121672,0.002059573502171135
0.6353208713892964,0.001114249659152595,6.121389182694274E-4,9.368858834658204E-5,7.904805789089942E-5,3.062477492077637E-4,0.0011167493830032107,0.0010903238312708905,5.349282531929921E-5,0.0020843851204243495,0.001556588921178908,5.252352910733325E-4,6.213613205534353E-4,3.649617050162463E-4,3.901714828500426E-4,3.5039081515753003E-4,3.396928394239395E-4,3.8546936653785865E-4,4.039241467041904E-4,9.358458931176455E-5,7.393843864735945E-5,0.0013835796632282083,7.83664708261511E-4,7.393047599421266E-4,6.759401342603246E-4,0.0013579619443132196,3.249896902196459E-4,1.1583134578782204E-4,2.9217857933697296E-4,1.6545899263711714E-4
0.4221762791425142,6.070114971238933E-4,9.009179528626981E-4,2.1368852311108723E-4,1.5574991789522424E-4,1.2248751099957293E-4,1.4380876578846366E-4,0.0011574816461538634,2.7794471882996427E-4,3.7344023476804686E-4,4.867349016890139E-4,4.4542613845929E-5,2.638959622172231E-4,8.651588302362024E-4,0.0010582054650547918,8.202521760805164E-4,4.0542484276274727E-4,0.0012655404936115409,8.882062840985441E-4,9.354650575959649E-4,0.0011059962677729643,9.275186330448675E-4,3.3950434635555656E-4,1.9397057976211875E-5,5.977211792213085E-4,0.0013960046894515383,3.657129266040541E-4,3.691316558572378E-5,6.019260822155756E-4,3.2131594629156504E-4
0.4288657833017898,7.440004941197242E-6,1.7891493109079595E-4,2.535487113653213E-4,1.9808460390069492E-4,6.108017711177547E-5,5.306301949925487E-4,0.0024756182375899674,3.814245962245293E-4,0.002072730511274858,0.001358780089186854,2.6081938535581456E-5,0.0011195788244055442,3.2582550125231983E-4,2.9253535295838823E-5,7.918352034903629E-4,4.0898507478213367E-4,0.004101251237387654,3.889475940209155E-4,7.979889184225696E-4,5.024130555751093E-4,7.549386275314149E-5,8.476384204422363E-5,4.805118121711682E-4,7.084012191483405E-4,1.1055110235842431E-4,0.0022522055164713784,1.0744077773177429E-5,5.568391367322624E-4,8.070046918357888E-5
0.43383889453008684,1.5460644117862784E-4,9.213671963744174E-4,3.117254886712529E-4,1.3900828446011286E-4,8.699591947672276E-5,5.370897287004387E-4,0.001592824627964865,1.4336150993985065E-4,8.113074793211659E-4,5.174810576446725E-4,3.131490375267701E-4,1.2478836796626252E-5,8.421242728578116E-4,3.2506038804262435E-4,6.340200504254857E-5,2.62993825056661E-4,4.630004985973356E-4,9.98889805553933E-6,8.999009477488847E-4,0.0010825477665143786,0.0014264173485797472,4.5149094762699936E-5,7.946237961112053E-4,6.968593409632635E-4,1.2994486556986698E-4,3.308018870209936E-4,3.5980920719261186E-4,0.0010448306900793644,4.577878042492995E-4
0.44130945877359296,5.859282225309443E-4,6.97696901039035E-4,1.899091021155776E-4,2.516378701309082E-4,2.0025065384819858E-5,9.87751599142853E-5,0.0010547259814602198,4.2087011256922505E-4,0.0020720222538968304,7.31357774977615E-4,3.247979496917905E-4,2.2108102662435293E-4,5.99127836631301E-4,3.365911469551796E-4,0.0013404891460687463,6.43098858776846E-5,0.003734178902760963,0.0011684456217765185,8.874830861258737E-4,0.0012631911863728745,1.9157814741053406E-4,6.584467693171437E-5,2.726627886738059E-4,1.723397828837011E-4,9.08102275363592E-4,0.0021983905246193308,3.532249736247242E-4,8.503564952183728E-4,4.8415759232922585E-4
0.4213065409169702,6.06805031733454E-4,2.211563493148184E-4,3.104338881458711E-4,6.0220168812808814E-5,7.741688622084475E-4,1.8340641147827205E-4,3.528770505929783E-5,1.156287161744003E-4,0.0012715390022504762,4.850682606409944E-4,1.5560426434266093E-5,1.1323428112217473E-4,0.0011099939136202793,0.0029512091571997053,7.695068051466632E-5,4.063393399424629E-4,0.001009380684494852,0.001313569382349679,0.0027940166999334574,6.091113132897147E-4,6.230755780303475E-4,2.023184742818855E-5,1.5857845777162696E-5,7.395649817482842E-4,0.0011569547408538604,1.7090940514418089E-4,3.464488309984476E-5,0.001037175724263175,4.676288427560885E-4
0.2108735580361532,7.341493746367196E-4,2.2968836301657023E-5,2.417942695363332E-4,6.897636572418609E-4,1.1717364431283067E-5,2.9822609532237387E-5,1.6223169624104104E-4,2.28191139252055E-4,5.457693538266979E-4,7.281493457421849E-4,5.4944910494103365E-5,1.749196689326109E-4,3.3902786973623317E-4,5.725720275913575E-4,6.6882158994099E-4,3.7162920691298013E-4,5.043767604222925E-4,9.544663150312116E-4,1.7728444012167566E-5,6.773185849509987E-4,9.250733713064437E-4,6.25715754155238E-5,5.923224535447187E-4,7.086988154859928E-4,3.428038749829864E-4,0.0012054416837168987,3.0024442651837056E-4,0.0015109407378492894,5.754755564079852E-4
0.2487689549214685,1.6335012849619154E-5,2.3881336056687087E-4,2.540025788675325E-4,4.0065654854029093E-4,7.192052201494562E-5,8.623383127146092E-4,0.002515968385190878,3.814245962245293E-4,0.002072730511274858,0.0029316982128951164,4.157035066478642E-5,0.001112176478289429,2.4907956676520793E-4,0.0010224846677188031,3.7085597613000545E-4,7.413717394323773E-4,0.0038508174379029607,2.861538197575622E-4,7.491659316853007E-4,5.024130555751093E-4,6.305852319957496E-4,8.65090226234557E-5,4.805118121711682E-4,0.003181618433872828,1.1119921876383537E-4,0.0022522055164713784,7.264695982107778E-6,6.021560847218657E-4,1.9159484375201805E-4
0.18320215556882946,2.929019091854404E-4,1.9972080251242312E-4,2.814692829670838E-5,2.0498093894401456E-5,1.2056536742043339E-4,8.046471327440919E-4,0.001869779384972257,4.0725878157416625E-4,0.001045406745168499,5.357724997645802E-4,8.192559954653113E-7,1.3274527113537598E-4,6.390457471532812E-4,0.003121907522382874,8.568739194300715E-4,4.028811042514884E-4,0.0010519244565020854,2.3548096434792946E-4,8.010134491208132E-4,0.01086586305933783,9.473629046096268E-5,0.0028529646813041072,1.3289309850471768E-4,0.0010938869235506187,3.0481119432263025E-4,0.002265543861156759,1.646510881531029E-5,0.0015348229391516503,0.002106392228927681
0.04419425261038292,7.308962441705647E-4,4.5637260083199876E-4,8.309145706216132E-5,2.455825641628774E-4,2.287893158250823E-5,7.850918961948879E-4,0.00254982717150037,3.9945423347425066E-4,9.050814212892809E-4,7.700298729976182E-4,2.3517592686462526E-4,1.688012363033599E-4,6.012045371688673E-4,9.741559129255136E-4,2.8286586205120015E-4,9.689891589314683E-5,0.0016107920163695192,0.0027674610044626613,5.462666083189894E-4,8.921317088408129E-4,0.0011875571314274819,2.1677762870715928E-5,1.0118646613574032E-5,4.069242880133841E-4,3.647568932839454E-4,0.0012074940103359493,0.0029367654427550007,5.217244540876551E-4,5.196860147370972E-4
0.20133136504496682,2.2282420928056943E-4,6.610341735085142E-4,8.340395859193734E-5,4.7797668060183145E-5,2.0025065384819858E-5,9.87751599142853E-5,0.0010666080994136452,1.1800287294704813E-4,5.083593926356841E-4,7.536538271259171E-4,3.50742920768845E-5,3.5773118141078355E-4,6.007706373186339E-4,3.1894073768185883E-4,8.404482192305638E-4,3.7637410243931914E-4,0.001018559921015471,0.0013152436256405253,5.463384457092688E-4,5.030568104250263E-4,6.188938883194518E-4,2.5664340886421094E-5,8.359342778013373E-4,5.351940011966912E-4,4.3435618437306223E-4,0.0011578304388245116,2.9916851966888094E-4,0.0012221336468218069,4.894258243429687E-4
0.8353833895775273,2.8501416542546715E-4,1.900128657515712E-4,2.093859599324957E-4,1.6549311126671335E-5,6.366951704754643E-4,2.703692323637932E-4,0.0010770576824043572,2.3224303166264506E-4,0.0023722068385929104,4.1357320194066144E-4,3.1494512077311456E-4,8.257282240930809E-4,5.761480630681992E-5,9.678347510114864E-4,2.385255623891827E-4,5.143370775838587E-5,8.537531537776995E-4,8.573026308408621E-4,0.001316395776780644,3.494447057137556E-5,2.5628646652018944E-4,2.1637492910099566E-4,0.001837069039346949,6.901038022774773E-4,4.036656944337764E-4,5.9129984499942286E-5,1.2462986341580003E-4,5.7326429826948895E-5,0.002557998644803851
0.6457617631507212,4.0830405021498523E-4,4.416311739046608E-4,9.356696635669389E-5,1.4476676784071403E-4,1.593027074328095E-4,5.168422526772706E-4,0.0010823518932926482,4.246931532342181E-5,0.0020843851204243495,6.232928637646955E-4,3.3681713221695426E-5,6.19491101112561E-4,7.831279838822545E-4,2.4068277702289618E-4,1.0852914787186558E-4,4.653674962010982E-5,1.712581217530147E-4,4.156153083409971E-4,4.670271180396199E-5,5.214972935359624E-4,8.135220296163522E-4,0.0012890306854364609,2.0596503019582654E-4,2.378518028901954E-4,0.0013075137313030864,8.701088657324971E-4,1.4945951829592588E-4,0.002002411603538402,2.6445865299440445E-4
0.8282925930567582,5.860222562409804E-4,0.0010216693919524093,1.7823201761303132E-4,1.3438762075664652E-4,8.191696535910333E-6,7.37594605576074E-4,0.0014816483886898229,1.963984556945861E-4,8.604384462821572E-4,0.0014110765429427626,3.2405953115063413E-4,2.1823955386296537E-4,8.334896813666291E-4,0.0022323421594502395,8.314161403378474E-4,4.5325453823136437E-5,3.3930726323356587E-4,2.040094217548022E-4,5.567089253664611E-4,0.0011044683770959018,2.067306444912914E-4,0.0010880134001727904,8.334429596037734E-4,6.962670268550736E-4,7.208872282826143E-4,2.756545059875419E-4,1.0599034710549675E-4,5.307462307569814E-4,0.0024035608445673335
0.06126437078412361,0.001039166040788352,0.0048207657371297915,2.71018343130024E-4,0.0010067667403780786,1.1145587050973173E-4,5.397463633130995E-4,1.7544187314822704E-5,3.919589321190177E-4,0.001147193265678384,7.684817304440816E-4,7.182839297475752E-5,9.167876280872187E-4,6.456110210352346E-4,3.2609487347332045E-5,1.0425009681084936E-5,3.4643697132496815E-4,3.871019438591493E-4,5.193041378426659E-4,7.930758274823552E-4,5.608882690075262E-4,7.339225413414413E-4,7.8345154276178E-4,3.333528276291468E-4,5.439744751595283E-4,1.0695303170609187E-4,0.0022356687167406123,3.456450455064747E-5,0.0010797052562031726,6.827340734258422E-4
0.8304957598027809,2.4022284502764725E-4,2.26607435469221E-4,2.289345842285697E-4,1.8410979543600504E-5,6.272559631601781E-4,5.356637441923719E-4,0.002619142348877213,3.768112361080769E-5,0.0020931979975486858,0.0011416475472978795,4.890345198545801E-4,1.5661428215469695E-4,7.783051797073293E-4,4.483955560065317E-5,3.4907224001955476E-4,0.001389109205438891,0.001533520040102702,0.03236588603907595,9.388906174880111E-5,5.141580986370418E-4,0.002307020654536415,9.491661037358248E-4,5.702510236017175E-4,0.0011183244356882263,0.0013073742374941873,7.971635567201982E-4,5.826837753891582E-5,0.001393736645328188,2.64895122363491E-4
0.6292136642613901,3.2134296886733663E-5,4.600686085376507E-4,3.106673951469988E-4,1.0970171634821214E-4,8.818409535117912E-5,2.33253224451741E-4,0.0011351026115043912,4.0721203919684987E-4,6.478589245991526E-4,3.4884334840735976E-5,6.003711545791556E-4,3.753011799789507E-4,8.626924811784614E-4,5.57669077803171E-4,3.624482805782701E-4,0.023800271247905257,8.521764736394647E-4,5.365153102324102E-4,2.597132837876411E-4,1.927902336504618E-4,2.9871417442492595E-4,0.0011133100015237813,1.692120040582397E-5,7.39641354905753E-4,0.0011890531811572175,0.001780448154664998,1.0355407609380536E-4,2.6064498308831093E-4,1.471853939141246E-4
0.6524915939065294,0.0011076335543453784,9.97823227035797E-4,1.6530240647896768E-4,1.438684297688191E-4,7.457431256185171E-4,5.213938500357381E-4,0.0011858693085711322,4.9776095073685896E-5,0.0020843851204243495,0.0010254024567092112,3.497977714643135E-5,3.5921171439986014E-4,6.300753739726243E-4,6.488594904476746E-5,3.5783352995364455E-4,3.3605475895751567E-4,4.033948443294742E-4,5.075280539723094E-4,6.142753386434434E-4,5.276445615838096E-4,7.800871540131676E-4,6.553266050746378E-4,6.405962734286791E-4,7.536446701618141E-4,0.001345484034774489,0.002276557289785179,1.0791912238039158E-4,0.0014430966663996662,8.122292058318634E-4
0.8341937065744023,1.244738116243379E-4,1.8057772723083996E-4,3.1100359798083517E-4,4.9951301704608084E-5,1.0373782874747992E-4,1.2799649232588206E-4,0.0014868992715736096,2.704056273169974E-4,5.241579088502988E-4,4.656216984160342E-5,4.2338953188045296E-4,3.68254543039345E-4,3.781505612755854E-4,8.226158984315879E-4,1.4178566815715097E-5,1.195162144797549E-4,4.1106494925561383E-4,0.001371196286262486,9.398079348956095E-4,0.0012221667569410764,8.9517690982932E-4,1.1563472700530667E-4,3.395058680345925E-4,3.4395238883920895E-4,4.1042061236744217E-4,3.606635140790671E-4,3.9048512794875043E-4,0.0016390659392616779,1.7193894686753832E-4
0.4147187285684707,4.087276253947393E-4,9.006530649947621E-4,3.1323079578358265E-4,5.548624262927787E-4,6.174016547063972E-4,6.180815747821308E-4,0.002527066031499042,2.6685512842163886E-4,8.687055773417005E-4,0.0065581189595620565,7.233392124799272E-4,2.220459578747803E-4,8.642579876490465E-4,4.88746450862563E-5,0.0015357336271097253,1.4572668342781775E-5,2.4308576636434783E-4,6.134581009512564E-4,0.001277176600213871,1.8967200987338433E-4,3.155307964738712E-4,5.184846890397614E-4,6.235610540417775E-4,4.453906903026484E-4,0.003669697639128602,6.616337672682635E-4,1.98045358877632E-4,1.6306860367571802E-4,7.022594383874406E-4
0.413556865596026,2.997675261885319E-4,2.265556629271414E-4,1.1398767457842488E-4,5.118043228832318E-4,7.057995092904122E-4,7.324651703836797E-5,9.023398327713425E-5,3.8449664299473863E-4,0.001188653410854487,8.384294654481153E-4,2.0040970346180835E-5,9.14643032199429E-4,6.355954978366548E-4,1.3448458090576748E-4,7.450026266966061E-4,4.298094387772737E-4,0.0029223285085850873,0.0012923985592434096,2.521803582309533E-4,0.0012171337990901528,6.24106657406912E-4,0.0013031417077843037,0.002661841304129473,7.508403549165075E-4,3.520477058466315E-4,9.548810651145535E-4,0.001961141166733616,7.708191153053994E-4,4.901205307266484E-4
0.8448988156731199,2.4027212997521135E-4,1.1183455361232764E-4,1.0567690034931451E-4,5.613025322436802E-4,2.4081680096273172E-4,2.748249227381736E-4,0.002528245850742906,4.00512622013598E-4,0.001676259889205609,0.0047671872951690454,3.7029001467067034E-4,0.0036582213805311328,6.425999804256885E-4,6.238382952900224E-5,2.857171209143055E-4,4.594642665303081E-5,3.4196400076326754E-4,0.0013900777612729372,9.391979449808734E-4,0.0027015737152641262,5.937261868253393E-4,0.0013367337231405551,5.454619830981285E-4,8.565073633947216E-4,5.776729261776346E-4,0.0010010945471249603,0.0037896924939048292,5.355448371751657E-4,4.7347383492535994E-4
0.2416196318325749,1.180077218210251E-4,3.628405975729921E-4,2.5359994998616235E-4,5.736849256761313E-4,8.699591947672276E-5,0.0010081948950994076,0.0012013782700146729,2.7398047552071493E-4,5.692988098115965E-4,7.280815244057032E-4,1.159153841988397E-4,1.2478836796626252E-5,3.781639351032877E-4,2.8814375244181945E-4,9.461824092140765E-4,2.6475042617794066E-4,3.4267706892725523E-4,3.189432286083749E-4,3.159415374659885E-4,5.175784979663448E-4,0.0015024443856368817,3.038595516509558E-4,5.895272808106315E-4,6.723713396158933E-4,1.406417625686397E-4,3.308018870209936E-4,3.5868131277215997E-4,0.0010448306900793644,4.88716962021349E-4
0.6372894215343775,3.9185743085502056E-4,2.1772398246249497E-4,1.4517111832002162E-4,5.847123507747251E-4,1.310091056939785E-4,8.622460359998434E-4,0.0025788731571041346,5.577456272249386E-5,8.581337955103479E-4,6.358951435488159E-4,5.282111551679466E-4,6.63439841798882E-4,3.885831040366393E-4,9.774269910493496E-4,2.5549861124454413E-4,9.479645084727837E-5,3.91802488209427E-4,0.0026478352609699803,2.2159060843888047E-4,0.0012615673967100807,2.944085500738739E-4,1.0300424292569759E-4,4.182945330315243E-5,8.511977306386694E-4,8.60116231926718E-4,0.001232697293077673,1.1226417343184931E-4,0.0014616295918208244,5.228686577576739E-4
0.6250694401246022,2.451441045241146E-4,2.1073207002703358E-4,2.0592531825667105E-5,2.1732601348044321E-4,2.3706744799088407E-4,5.21046791529435E-4,0.0025417163828920313,2.8207262689670834E-4,0.0023722068385929104,2.591157421877185E-4,8.3425287252385E-6,8.020858254563317E-4,2.913694961142419E-5,8.004194603562916E-5,0.001548943603210502,8.135525495892818E-5,5.984981966722809E-4,0.0017422353767087618,7.137996412427567E-4,0.002707398475924691,2.84118745429775E-4,5.012016490485752E-4,6.424689560414154E-4,6.893889445797472E-4,0.001176087639471087,5.9129984499942286E-5,1.8739789748715735E-4,1.0178020688931155E-4,3.247246890854538E-4
0.22471119522337885,1.9971626070787793E-4,3.630947007063917E-4,2.5329710671270663E-4,5.736849256761313E-4,8.075432242898223E-5,0.0010081948950994076,0.0012013782700146729,4.043665120779062E-4,8.054576105413452E-4,7.279131471775031E-4,3.1101257594874654E-4,8.099821254547779E-4,3.781639351032877E-4,9.520261744852828E-4,3.2469094224931274E-4,2.5548117209319948E-5,3.5883607930312187E-4,3.189432286083749E-4,3.159415374659885E-4,5.207132800467814E-4,7.991030937195569E-4,2.8996717394851366E-4,2.785466694423034E-4,6.740178808121748E-4,1.370374512938114E-4,3.308018870209936E-4,3.5868131277215997E-4,2.960876854104918E-4,4.88716962021349E-4
0.6225083893379143,4.0401348015700123E-4,2.447490844801678E-4,1.612326759482879E-4,1.686771110513192E-4,7.787282786076989E-5,8.752926050794597E-4,1.5614693440694734E-4,2.8414654069814564E-4,1.6669647923619872E-4,5.118139952953924E-4,5.800712414976523E-5,1.9623722942862403E-4,5.075082149063363E-4,0.0010796678890863207,0.0013800717309070628,9.976103419965694E-5,3.6223147182287176E-4,5.727899912602885E-4,2.480579013628963E-4,0.0011713255594510274,2.5791004022264474E-4,1.2992098643511746E-4,5.684835304205091E-4,3.8837172189926735E-4,9.692265274803304E-4,2.3302055818670098E-4,5.562221881262898E-4,0.0020162821887798202,0.002310840915318588
0.4310864463073194,6.533909524117669E-6,3.6827928397743114E-4,2.810239203043422E-6,3.972153170798459E-4,7.510464494732953E-5,1.2856527143972912E-4,0.0011704068985044461,4.1418736239731295E-4,0.0019134375023733899,6.145206548140894E-4,3.5527706467415804E-5,1.7537478292286847E-4,9.701600673214903E-4,0.0010496413114250256,1.059772914331557E-4,4.413229241939193E-5,3.8276181695373975E-4,2.3869031958079047E-4,4.7251006295193207E-5,4.8591339257115997E-4,7.863910133249683E-4,0.0029256707227149495,5.45484802591113E-4,6.851709496772721E-4,3.103213559380007E-4,0.0022524492531145733,6.380546258329526E-6,5.404496505423927E-4,1.7779144652725767E-4
0.2214687813350013,1.980054114218835E-4,2.2469089250964084E-4,8.098917287954975E-5,0.0016060238259455767,5.2670788910808055E-5,5.394265255716902E-4,7.594325962023638E-5,7.584192053084794E-5,8.65474824914375E-4,5.845214104966498E-4,0.0018349889953868915,2.6915905386731533E-4,8.753855541386618E-4,7.829556972801974E-4,9.887189180465176E-5,3.754697285460743E-4,3.5274169706281107E-4,3.054284863350616E-4,2.4873008399460084E-4,1.1023537871193115E-4,0.002828830578960812,1.8307839602404426E-5,7.259329565879194E-4,6.678446631710304E-4,1.8675463658586185E-4,3.9344809367866684E-4,1.7892854037016904E-4,2.467101748367973E-4,2.5803837076883196E-4
0.8295880388129817,9.6231818008131E-4,7.24715594766705E-4,1.3066030944272521E-4,2.331069892684037E-4,3.14365672602384E-4,5.854800251460115E-4,9.720179092290637E-5,5.344663902788369E-5,8.573500915738158E-4,0.0016225666387590307,1.855051070889037E-4,2.4372008293988538E-4,1.5626905399731108E-4,7.417707554022547E-6,7.248485008630857E-6,4.0614455024158157E-4,0.001166313585521495,9.161187383177507E-4,2.3976914592997985E-4,0.0010567936425034906,6.715938476049022E-4,9.380521049656278E-5,6.386372300759025E-4,9.058758869404566E-4,3.8605633542941576E-4,1.4377419508705387E-4,2.62562544755951E-4,7.43606196851882E-4,6.293654829967722E-4
0.41929011312751774,1.187184350617029E-4,2.3485601324498478E-5,2.3045820239607858E-4,5.512242973137976E-4,2.5986850005445695E-4,7.106859582451427E-5,0.0026172547083462127,1.2700847329524147E-4,5.876454428919964E-4,0.001140513020251349,6.10628464448012E-5,5.268513513254186E-4,4.131057937949639E-5,1.3571279552732074E-4,0.0016112875641628994,2.533214364426917E-4,3.452589385602614E-4,0.0011351276497922078,2.5618907107677596E-4,5.175293677021283E-4,0.0014862524489284955,7.0456596028179E-5,5.878752452556656E-4,6.871587874217771E-4,4.552853175029889E-4,3.464739336343218E-4,5.819753216094728E-5,0.001041729813340173,7.251058469806422E-4
0.443997284938907,2.4540941890934296E-4,9.779766778003483E-5,8.42511574026047E-5,5.892664121504317E-4,5.986071145100114E-4,5.430580319168732E-4,9.997596389157036E-5,7.43535260300565E-5,8.546937107964301E-4,5.940723345684968E-4,4.7523655913294584E-5,2.911627052242002E-4,1.4104937229992583E-4,3.2747256296269505E-4,2.0446156612937463E-4,4.2095794033965766E-4,0.0037954495868800604,2.9563099900404395E-4,1.4863380172523916E-4,0.0010594295386029075,0.0027071401155644792,1.1367955308704905E-4,7.014539731648177E-4,3.975448703676293E-4,3.894900719407106E-4,1.4589908333242002E-4,3.298964686099661E-4,7.21923407837393E-4,6.287860034751468E-4
0.02068925270942854,1.6121688040061547E-4,6.154189457263903E-4,1.4189603522099596E-4,5.845533405024253E-4,1.2407914272091872E-4,0.0010727502913143192,0.0010903238312708905,5.2586142078685975E-5,5.687487074410263E-4,0.001556588921178908,5.229551984540355E-4,6.217056694923672E-4,3.904706034728034E-4,3.901420541252231E-4,5.80857610735918E-5,8.520338150837425E-5,3.9164127517604035E-4,4.007203965196652E-4,7.752927262087727E-4,1.1419181260739449E-4,0.0010454332981679052,7.384838794800039E-5,3.44132844736229E-4,6.901812467724792E-4,3.7757944851911157E-4,0.0027684133716365353,2.653218331627363E-4,0.001723205799915079,1.668708373670216E-4
0.42549715236634644,4.049520658218716E-4,1.6226939866886554E-4,1.6847245118903838E-4,5.56601685057366E-4,3.321787203446969E-5,1.2856527143972912E-4,0.0011803066837253935,4.223511829519436E-4,5.367269116808196E-4,6.274802196223951E-4,2.3229215828713838E-4,1.9842615365106716E-4,6.39962293546591E-4,0.0010796678890863207,1.059772914331557E-4,4.545666905737819E-5,3.451324496426606E-4,3.045473194866966E-4,0.0023248289297335143,5.206831739292133E-4,7.884686703204689E-4,0.0013310706281923228,5.84408753183006E-4,7.101565751584104E-4,7.107427854070728E-4,0.0022533649116373796,9.903029764608221E-6,5.376841536867397E-4,0.002298587311739801
0.1898301311848911,1.6435402507681808E-4,0.0010061642103076467,4.664015027513405E-5,7.53266822808346E-4,1.2044862639497144E-4,1.0917281288503808E-4,0.0012202800127276898,3.5446409820441625E-4,0.00191480313858435,5.356789252136976E-4,4.854580062012672E-5,2.4936179534383525E-4,6.497504596322854E-4,2.1924977234566694E-6,0.0011053628861290709,4.016310779029338E-5,3.963268203707609E-4,2.7499501771564773E-4,7.883301566848354E-4,0.0014343606537914496,1.0353795549961883E-4,2.539271957808561E-4,1.8165417488368724E-4,0.004475356865179268,3.676688037327906E-4,0.0022645729757785663,2.308340161256932E-4,5.349199673015306E-4,1.8910127249556388E-4
0.823493550623155,2.8850093305655316E-4,2.209428957293466E-4,7.03317778775422E-4,8.578038668790905E-5,7.881297263418571E-4,0.0010084471941900024,3.4813916320860627E-5,5.331118912731608E-5,0.0012782657783519053,4.612831898904388E-4,2.0286910721360862E-5,3.635464695317025E-4,0.0011033732318589244,7.030049196784596E-4,3.3079149221425675E-4,1.6971293311573326E-4,0.001009104060482612,0.0012799655888580603,2.597820532546602E-4,6.958540427395709E-4,2.613437425432163E-4,2.022574227136446E-5,8.248104601303416E-4,9.799847729365513E-4,5.529410334334273E-4,1.0609130607356894E-4,7.817361009322503E-5,0.0012295430787525874,5.231990066991504E-4
0.4495123187667792,2.0220290421050976E-4,2.2469089250964084E-4,8.42511574026047E-5,0.0016060238259455767,5.2670788910808055E-5,5.394265255716902E-4,5.143573497637621E-5,7.622431378165201E-5,8.65474824914375E-4,5.845214104966498E-4,1.8127189905431775E-4,1.9614906036737663E-4,8.753855541386618E-4,7.829556972801974E-4,9.410831818230573E-5,3.754697285460743E-4,0.0011033433216794909,3.054284863350616E-4,2.4873008399460084E-4,1.1023537871193115E-4,0.0027071401155644792,1.54920901196419E-5,7.265550668212855E-4,2.256440462817105E-4,1.8675463658586185E-4,3.930530560735381E-4,1.7889065207976054E-4,6.859624465637048E-4,2.5801824597872827E-4
0.6194013903256608,0.0010676643131619097,2.2982311402060577E-4,1.669944942312954E-4,2.814887950520215E-5,1.6717371331952636E-4,1.3304525531231018E-4,0.002654649480193845,3.4274363912462384E-4,0.0012713812688956438,0.001590128650580652,8.3425287252385E-6,6.298488126466807E-4,3.1656471697062005E-4,7.280179177310666E-5,2.7488451758917766E-4,4.255432162546752E-4,4.0196566200402197E-4,2.7506775368991206E-4,7.100400160887908E-4,1.4336672148681712E-4,7.972052243226729E-4,0.0029899013662327716,5.922459337816053E-4,4.753510099619786E-4,7.241774805256358E-4,0.002351311917706572,2.0134321370856515E-5,5.377650928668672E-4,0.00159227681100601
0.41815032685442505,3.7144632985055957E-4,1.0914576563719365E-4,8.39551249488923E-5,7.865412418976779E-4,5.285649829632889E-4,1.2701822827153802E-4,1.9916428173022784E-4,4.225555051882198E-4,3.2147987693571816E-4,6.763090237962137E-4,5.6532161877960994E-5,2.687122761805307E-4,3.292860429197474E-5,9.452773418435771E-4,3.1748143042254027E-4,3.145253611434287E-5,0.004015241292371675,0.0010887235225771484,7.546168890811477E-4,0.0012368766179852008,4.669767954317991E-4,4.8559125783161305E-4,5.527964348610221E-4,0.002139828406122047,3.581967020922181E-4,2.5733322538503854E-4,2.2592045354583826E-4,0.001453806301525184,4.998385954419366E-4
0.6387528142495738,1.2160463491079918E-4,8.831943259992399E-5,3.1099432294902715E-4,3.361434534264511E-5,9.716894731873004E-5,1.2623987216079798E-4,0.0014499299875119324,4.0693435962133116E-4,6.478761233543803E-4,3.231134403455814E-4,5.971003020575783E-4,3.67002928625515E-4,3.7802981527601455E-4,0.004900384578376339,1.859620539741442E-5,0.0017299940386275815,8.208203552807238E-4,0.001356897977518779,0.001340963435792792,4.926586275522621E-4,7.663689721788362E-4,5.399305092883271E-4,4.030163034287087E-4,7.348796795121163E-4,4.158825047917067E-4,3.350460395679811E-4,1.2444723535138803E-4,5.457867640412534E-4,1.7268912486116921E-4
