0.00837746561496644,1.3053917310076079E-5,0.001889319738200768,1.5708472161215563E-4,2.1682436409574076E-4,1.218563702924279E-4,4.944669631330714E-4,1.6633867526575388E-4,0.0015725955929282904,4.110390999769462E-4,1.9027299362498135E-4,1.2169162370338535E-4,3.1496348001077464E-4,1.0813836873145287E-4,3.7544648340758207E-4,0.0023607948394144367,0.002016103899244919,2.94553321621742E-4,2.779050360304114E-4,3.02219599926971E-4,1.7278253853617454E-4,2.537663836449304E-4,1.9891836491842685E-4,4.751571521363967E-4,0.004108194592884379,0.0023307798314857976,6.835928529703957E-4,1.8080746247834848E-4,6.418252409833088E-4,0.0016480472038621114
0.02536067766381911,3.079074259033937E-4,8.118985894489466E-7,2.7413907008792495E-4,2.0973474296878762E-4,2.2653352035695962E-4,3.998097024797099E-6,2.0914400940621377E-4,0.0017440714650686162,0.00173437778905244,3.4810968369146275E-4,5.553763196479226E-4,6.866505691874882E-4,1.513947348513934E-5,3.899693207157898E-4,4.5093078316530495E-4,5.792691336377008E-4,4.7731453881663693E-4,2.2686946290083923E-4,2.0565964197739856E-4,0.0013971707571672227,1.7417185547246726E-4,2.883131779377876E-4,3.500359054445714E-4,4.530188673938621E-4,3.1523964808880336E-4,0.0017542590030850324,1.6213253267970525E-4,4.2741830747659144E-4,1.978306836389564E-4
0.04080748705250875,3.099631713705797E-4,8.351576746466352E-5,2.895415844881531E-4,5.5732083949191986E-5,8.829862422179562E-5,4.420405060037732E-6,3.32740138788491E-5,4.2635594996937194E-4,2.9540855183046602E-5,7.340676672206638E-6,2.6139043594198023E-4,2.0170340371900602E-4,1.8415096486267636E-4,3.3133085458964966E-4,2.4495324310881206E-4,5.592297537114023E-4,9.732385672755589E-5,4.1358717765886826E-5,0.0010236107306401871,2.3731579411884673E-4,1.2772073897119866E-4,1.5924321693719346E-4,3.754080334295298E-5,5.020922909050411E-4,3.177904367785613E-4,9.160717482468848E-4,1.6080785251469773E-4,0.0012904976710908583,0.0013303731441549494
0.06524744252047712,5.70997614873993E-4,4.942177746169684E-4,6.882386343000235E-4,3.134197859572511E-4,9.510670976371882E-5,4.392490898667373E-5,0.0016825094116310856,5.094827162334945E-4,4.079701986662371E-4,5.198017804806487E-5,1.052434627507594E-4,3.2947777078303777E-4,1.0520362956040088E-5,4.0822041280439455E-4,3.0615153687092223E-4,5.592297537114023E-4,1.181623752136975E-4,1.841749069229052E-5,0.0010548220695785564,9.733015085493075E-5,1.2746757953378503E-4,5.40127511688149E-4,3.764319221597882E-4,8.337747172100197E-4,3.086476248248283E-4,0.0012078136104368442,1.538510421421385E-4,2.623870603732632E-4,0.0017402843461147737
0.0829714860503887,6.724078955301829E-4,0.0022139064298976768,1.55265696020475E-4,0.0012091075065973475,2.724429910399679E-4,4.84125441487522E-4,2.0474637296718733E-4,8.439119112280406E-5,2.1413708838955039E-4,2.484790389999359E-4,1.2771705542648362E-4,1.0790229233105387E-4,4.957505245482243E-4,3.303481395587127E-4,2.2927695555277562E-4,0.0010089662878096633,4.5495691327797913E-4,2.3528242254085806E-4,1.1346922908748357E-4,3.9121109839957476E-5,2.24353542126384E-5,2.994678404891903E-4,5.1279898935204914E-5,5.239210620150034E-4,3.2755251040836444E-4,0.0017356870734274504,1.9127853778623706E-4,3.469457326745775E-4,8.383616884926866E-6
0.18657540856691837,6.890600109587298E-4,4.93228098702679E-4,2.0632469326525821E-4,6.681984581127837E-5,1.8082926316259472E-4,5.17372746796198E-4,0.0016948338262202137,3.458147988231194E-4,0.0019734743131913316,4.404403229543862E-5,1.478135807713806E-4,6.0218106148070814E-5,4.057661132058867E-4,3.1695909936367935E-4,4.2368070230244386E-4,5.783973185592874E-4,1.18010707489734E-4,2.4107471527524453E-4,1.1703330348379836E-4,0.0016748957583949324,5.3692381309574106E-5,2.1574502756040745E-4,5.6897533766080307E-5,6.30823045605954E-4,1.7888196504575992E-4,0.0010750059050473795,1.8540442738122412E-4,2.641367573962139E-4,0.0013964730819451565
0.19695389159715807,1.278947362107102E-4,3.676213016603233E-5,5.253326698738868E-4,8.415725873033228E-5,2.3045470523451442E-4,4.552218166068543E-5,8.074932970786912E-5,3.43323659852679E-4,0.0018989845692382401,0.0035089916057647413,0.0019205509995192755,6.132155761892277E-5,6.815827489446723E-4,0.0025414390421253544,0.00334889227877943,5.6781254109016703E-5,1.1805926945273241E-4,2.297487022010954E-4,1.3994624893109325E-4,4.234403172528605E-4,2.0369181309061004E-4,2.1323637003329757E-4,0.0020918245825878156,2.024230750841254E-4,4.5870669549295806E-4,6.813768138157881E-4,1.8520685610574312E-4,4.2559510362661203E-4,0.002302401039733452
0.20158140149525014,3.6447171944985657E-4,4.1003288972500424E-4,1.48379962987327E-4,9.746723488116413E-5,9.505758465673432E-5,0.0012563573324090053,8.125522603684866E-5,4.1836828528902213E-4,4.241426464816799E-4,2.1550058041619848E-4,6.492863129834244E-5,5.361673346191097E-5,8.694899890670056E-4,3.9121451828713627E-4,8.915151639688133E-4,5.573409502541479E-4,1.648423765891525E-4,2.0886464681737922E-5,3.1282775053419095E-4,1.3627869185130187E-4,1.4037928820518324E-4,2.3460201708054313E-4,3.993479680380643E-4,1.6526638387455867E-4,3.1811051093956434E-4,0.0011765929852123368,1.3589005332538821E-5,1.6732943245036645E-4,0.0017379809100691458
0.21637368259957027,6.658270377704999E-4,7.659329437146884E-5,3.4513954650340633E-4,2.0011254205814488E-4,1.965609116512345E-4,6.775891492415327E-4,1.8518975127861952E-4,3.886412299592345E-4,0.002329730171930119,3.257645034086226E-4,2.1113980062705586E-4,3.2019857252493843E-4,8.335560096520621E-4,5.112424921521283E-4,2.7362672487824425E-4,6.546229076508268E-5,4.8123610409687317E-4,2.1511014043220012E-4,2.681461198497934E-4,2.27349611925819E-4,6.60264039753699E-5,1.9210868840077147E-4,5.456692562540737E-4,0.0015389948025303305,2.387238384031922E-4,8.700660674916972E-4,1.6833157679044383E-4,6.350801791137609E-4,2.1407821105723176E-5
0.22119184499282513,3.6444403009134674E-4,3.2275327227450324E-4,3.1969396490188015E-4,1.990097643775533E-4,1.255544672233942E-4,0.0012151356374588856,0.0016886765716859864,0.0011899515227815917,4.021442317368026E-4,1.9795588964024722E-4,1.4994748568252072E-4,5.405843084812819E-5,7.96922348826378E-4,4.886425117748594E-4,8.055912179187064E-4,5.379826823617012E-4,4.724516991706578E-4,3.147375371684335E-4,1.1960646800668391E-4,8.337633361309324E-4,3.149750744814466E-6,2.0662673553018186E-4,5.393375943634982E-4,5.914527879428847E-5,2.916687775348266E-4,4.0795637998673035E-4,1.765991931657758E-4,6.256995790436632E-4,1.6382921174713262E-4
0.22931186241658444,4.374985780972754E-5,5.925666717666953E-5,0.0023840292691924315,2.522066041900437E-4,5.756271948407189E-4,4.121318320858693E-5,2.0224179016589588E-4,0.001068669406322012,8.983673237350596E-4,0.003536919801664572,0.0018191154455056298,1.7906304046492743E-5,4.501245679147778E-5,2.847729808264544E-4,2.8260032786550995E-4,7.212969223516933E-5,2.9713958426779243E-4,2.4465901012259367E-5,1.568902612995456E-4,6.609610177356272E-5,7.905792261812824E-5,0.0028562304072381316,1.966137792673982E-5,2.0914727791463816E-4,1.7184008789656325E-4,0.0017272662472140425,1.897224039800028E-4,3.381962945600428E-5,0.0013816892700851133
0.23610869868471268,3.044352163321193E-4,6.873573116039683E-5,5.78749943017926E-5,9.924969955426032E-5,3.0699490237189877E-4,1.6887202238834338E-5,1.86313299647827E-4,5.647668514668625E-4,3.668315018424647E-4,2.1582475272839062E-4,6.711283359090726E-5,5.720684336075477E-4,2.914325163934829E-5,0.002228533250911094,3.649425480265427E-4,6.039618524115102E-4,7.188346196415466E-5,3.985137100015979E-5,1.7929665911441302E-4,8.735701558581829E-4,6.359925084324837E-5,2.0901601646493078E-4,9.970299507443465E-5,2.088085939195068E-4,3.0834705397607214E-4,0.0017782029670575796,3.582062350843753E-5,3.182607679098732E-4,1.785508270261821E-4
0.2518201290635099,1.2592659808007445E-4,0.002170750432611008,4.749945705665291E-4,2.008928101365636E-5,5.756271948407189E-4,5.1930464677779056E-5,2.5774858772645325E-4,0.001068669406322012,9.143265780740304E-4,2.242709502491234E-4,0.0018472488240527615,1.7174339185808064E-5,4.500211001963627E-5,2.7854804036959633E-4,2.8279932573867353E-4,7.212969223516933E-5,2.9713958426779243E-4,2.1582499271190022E-5,2.8666750084235256E-4,5.216662382048478E-4,6.684383043526436E-5,2.525605173899427E-4,5.9487862800318165E-5,2.0914727791463816E-4,6.392627727544352E-4,0.0017272662472140425,1.7655985780728572E-4,3.381962945600428E-5,0.0014894017299939945
0.412533177435696,1.2821156426967063E-4,0.002427981049327105,1.3432890602178328E-4,6.239915938593239E-5,2.2580866189425444E-4,3.697409054843184E-5,7.85762241724356E-5,0.01595352242346129,0.0018376721333745393,1.1504644202000927E-4,1.1768664335628018E-4,2.0597757334032084E-4,2.1593165560812485E-4,5.512252922344231E-4,4.5299254692295033E-4,6.215819550764066E-5,2.5900230106909504E-4,2.3040375571371677E-4,2.7331288617685504E-4,1.1824553190102591E-4,1.5814865720403226E-4,4.3612409357052045E-4,0.001060669878771335,5.252626662352296E-4,2.9058374289223684E-4,6.676160341280105E-4,4.3534268554514666E-5,4.755644386451623E-4,5.917538240631231E-4
0.4177069072444869,3.6449127328434057E-4,4.077037873555959E-4,1.888701676856463E-4,1.0152134084198447E-4,9.505758465673432E-5,4.724363926223155E-4,8.115086140689467E-5,5.106639055247631E-4,4.241426464816799E-4,2.0842002108176374E-4,1.0627009229688977E-4,5.97547979328562E-4,1.3689554937777938E-4,3.9040088680322265E-4,8.697429825035238E-4,5.524736885497053E-4,4.029226191551922E-4,1.1472637173574649E-4,0.0025803266178739807,2.473112460449164E-5,7.684093993579565E-5,2.3459537152992907E-4,1.0971909914416086E-5,1.7883023450113354E-4,3.1811051093956434E-4,9.40773160465392E-4,1.1832922146965698E-5,0.0014653265962289723,0.0017379809100691458
0.43594131834129374,3.6450504904567176E-4,6.871696468588385E-5,1.982142147512845E-5,1.0177571905572576E-5,1.9673142292665643E-4,4.74796932583172E-4,1.7687377505106207E-4,0.001617947023996733,0.0024110986112510857,1.1761542151844963E-4,6.287069895497917E-5,5.838465128310707E-4,1.9177235471231878E-4,1.846399783062688E-4,2.2016949029895789E-4,6.56348504423343E-5,5.754915516293793E-5,3.242515226870345E-5,1.6750760726650662E-4,3.231928956970366E-4,6.440812934243138E-5,2.2228394088293904E-4,2.66977753970384E-4,0.0020015806222875208,2.5781666830496845E-4,0.0012200382197018781,6.494424990051312E-5,5.787735747476556E-4,0.0013486024875840258
0.43827825256850317,0.0012989443630588543,3.82270354273301E-4,6.049439511628953E-4,3.561375675475829E-5,1.941253929614184E-4,0.0012568119060076017,6.129772040026354E-4,5.35248077700954E-4,2.673542263543938E-4,3.2291113674912244E-4,2.4199680900232693E-4,5.4540955234905535E-5,8.406724233500525E-4,4.3012501943184524E-4,3.073409376913629E-4,0.001973387110520323,2.601100685019486E-4,1.5235509687141628E-4,7.200328198540811E-4,1.0841410542177128E-4,1.9503834338556556E-5,9.798901072660638E-5,5.9873085865096176E-5,2.902056404825876E-4,3.9855696751563716E-4,0.0011405818659589086,1.3633973683580073E-4,2.763653322187641E-4,3.104993103612803E-5
0.6183730235868683,3.2082700591401535E-4,8.351576746466352E-5,2.895415844881531E-4,5.279240593436524E-5,8.823563026795257E-5,4.709971853999288E-4,2.696521811535122E-4,4.6257980067514366E-4,4.541300986280378E-5,2.2977444933747752E-4,1.3355176258632968E-4,2.0170340371900602E-4,3.5291929504227607E-5,3.3560887617378244E-4,2.7850401681837515E-4,5.590162579522312E-4,1.0260100133713758E-4,2.4376545079259963E-4,2.6604009142553516E-4,2.3774048761466974E-4,0.0010161120023105858,2.8905566556943244E-4,2.1488016755224771E-4,5.020922909050411E-4,3.0862561981462116E-4,9.171399112681221E-4,1.594018491978377E-4,2.2634458282503776E-4,0.0013322667635216627
0.6219157954376575,6.883899587355936E-4,0.0020674731953314557,4.546065461886964E-4,0.0011960410306667809,1.0612039306155324E-4,3.179247070671194E-5,1.698883740384836E-4,0.006444422180597703,3.453822457885294E-4,2.4933374041103263E-4,1.2231088689485943E-4,0.017301980860554643,5.9809063260579795E-6,5.169956743130898E-4,0.0010313490619517122,1.7315876385946868E-4,1.3346208000798802E-4,2.471865146107794E-4,1.0495824468312895E-4,6.506645531763916E-6,9.660693477426415E-4,4.600121632035534E-5,7.557282957903348E-5,3.6542489269061505E-4,2.629425036821893E-4,0.0010895215164485627,1.8176472606465756E-4,0.0023033082824561388,7.325114245830089E-4
0.6247069226610913,2.0618821056786701E-4,3.313911309454663E-4,2.9764766932021156E-4,3.512976700277437E-5,1.761937827144983E-4,9.354358929060896E-4,2.003125127411978E-4,4.7578017998923806E-4,0.0017341575294398458,3.252701760065121E-4,2.5438053538597716E-4,8.531178200826256E-5,4.477030673284155E-5,4.313130589010225E-4,4.2884984245988937E-4,0.0019860348887208775,0.0015413352072612592,3.9536615515993394E-5,2.2821760052699658E-4,0.0013507061102586268,1.8971727001992485E-4,1.191303074212674E-4,3.3217421375119477E-4,3.3385239892146264E-4,6.852392421258782E-4,0.0017029586708393653,5.6437875519489835E-5,4.3550868699859704E-4,2.666696488631334E-4
0.6264912789778434,1.2353734387913188E-4,5.5672033143799E-5,1.3294963011648193E-4,9.58960025478255E-4,2.3264082648756382E-4,4.780855956857332E-4,1.84442168002013E-4,5.028701798684303E-4,1.8657072656067187E-4,9.831794809517442E-5,1.132121732511979E-4,1.862241065154673E-5,5.94796061642969E-4,4.5154606806403155E-5,2.7876384162083884E-4,1.1221575254512076E-4,1.5917799519321176E-4,2.473737241696652E-4,5.774300943050402E-5,0.0013848547248166527,9.98490559127035E-4,1.908719968541795E-4,2.1755407254165065E-4,0.0019035444611682408,3.167932612312001E-4,0.0012203292341594677,2.694211860856148E-4,4.258219171849632E-5,7.689218422679621E-5
0.6330897701960674,6.843448296930137E-4,0.0020674731953314557,4.546065461886964E-4,6.358047523320123E-5,1.0612039306155324E-4,4.202437567224538E-6,1.698883740384836E-4,0.0014102430256901916,3.453822457885294E-4,1.9075210453232527E-4,5.66192188400136E-5,1.9053519536957504E-5,5.9809063260579795E-6,3.2326779763160114E-4,2.606222716051272E-4,1.7315876385946868E-4,1.3346208000798802E-4,2.483951180740143E-4,1.0495824468312895E-4,3.351272578239001E-6,5.317821295979354E-5,4.7380013516379815E-4,6.395038122800633E-5,3.6542489269061505E-4,3.9677243773268873E-4,0.0010685808338863796,1.8176472606465756E-4,1.661175678849909E-4,0.005044396471342066
0.6346342978194116,2.7507407630163573E-4,5.148533787354185E-4,1.3519598195643582E-4,6.215162048983513E-5,8.853213428591767E-5,9.491820386244547E-4,1.8255073546651385E-4,5.122039413946501E-4,4.85998007206613E-4,1.1478762738769323E-4,1.6231735344841673E-4,8.116523181589811E-5,3.851058648848326E-5,5.281800158917084E-4,4.234545443537155E-4,6.020334353281551E-4,0.0017475304284986465,3.8974791530064376E-5,5.927284701765442E-4,1.1325517957159375E-4,1.8431031486123347E-5,2.8642053094606957E-4,0.002852915293096076,0.0018931253873812003,2.619858087499682E-4,7.025084958735035E-4,1.673808190644152E-4,5.374049544252137E-4,6.071789011941736E-4
0.6371112409503373,2.8486397004834466E-4,3.528756764317431E-4,6.683577148836365E-5,3.40823444400547E-5,2.3585908005446769E-4,9.113765029045583E-4,1.4656119583669486E-4,4.534677800345902E-4,8.308422635919581E-4,4.2493464689402106E-4,6.26655679982746E-5,3.801865844661254E-7,0.0011381226429672663,5.370312325574725E-4,2.8853074387301825E-4,5.857522600228723E-4,4.942144072873084E-4,2.4447729559187704E-4,1.3339370636551826E-4,1.899527867969128E-4,1.9649096641017526E-4,5.324509295818382E-4,0.0018548226417345536,8.225009575174374E-4,2.5368609358267827E-4,8.645061789679006E-4,9.777875425403707E-5,0.0013291775727984488,0.0014713482434014905
0.6392291833010216,6.890600109587298E-4,4.93228098702679E-4,2.0334576770100483E-4,6.681984581127837E-5,1.8276786872693188E-4,5.146008313831601E-4,0.0016937368828910727,1.515765356163586E-4,3.128890280516931E-4,4.404403229543862E-5,1.478135807713806E-4,3.328971349005249E-4,4.057661132058867E-4,3.1695909936367935E-4,4.2368070230244386E-4,5.750184676932767E-4,1.2025564159013244E-4,5.354258380568309E-4,1.1665843556280487E-4,0.0016748957583949324,5.3692381309574106E-5,4.6002703439191836E-4,5.6897533766080307E-5,6.30823045605954E-4,1.7888196504575992E-4,0.0010684250478605211,1.6230723276183998E-4,2.785325830585673E-4,0.0014004684669060663
0.6453379158102236,3.0225494379237364E-4,8.775555262617704E-5,1.271447365528272E-4,2.0208776309838615E-4,2.2792750817361392E-4,9.21140244060114E-6,1.1753460481497465E-4,5.271566113438107E-4,0.0011355302618999662,1.7414168324599567E-4,1.4828403411374546E-4,2.154868779282038E-4,2.2003892494221514E-4,4.7777017834924236E-4,9.998992099841538E-4,2.9994919634741476E-4,5.161952461390632E-4,2.2655818682364975E-4,6.301673487031081E-5,1.9008487421080127E-4,9.708353436700313E-4,2.6248940798547524E-4,0.0017824797815684877,5.124552648604295E-4,6.604198995844567E-4,1.7657715663063882E-5,1.619148715101866E-4,4.2555781442892704E-4,0.002461476216927304
0.6504801601255794,3.0349837770175347E-4,6.696815587060297E-6,3.611268341501394E-4,2.5221940306710376E-4,2.0099770360592197E-4,3.111704153839186E-5,1.2239096334992883E-4,0.001633894804741334,9.066921623184185E-4,0.0036069368254624144,1.094659958967833E-4,6.105746603001357E-8,8.678457104574817E-4,5.3723440689073E-4,3.878350532296681E-4,0.0016039982333591863,0.001085230039349379,5.145393724765114E-6,1.827698354438616E-4,4.243262302411275E-5,1.8516095541501514E-4,0.0028585460160212633,1.9885996942652323E-5,3.598567446302471E-4,1.8081889808229887E-4,8.468950373630084E-4,5.2982589418062056E-5,1.1183633893005503E-4,0.0013799141589004717
0.8240775174161166,2.838257506683096E-4,0.002088683070752207,1.3294963011648193E-4,9.754449785839358E-4,1.8468044126533832E-4,1.4982746946307784E-5,1.84442168002013E-4,4.8216957924547115E-4,1.9182989891818741E-4,1.8256093460569417E-4,1.1254339767992916E-4,2.047814440525286E-4,2.2003313323620615E-5,5.743616804410268E-5,2.8580739220597555E-4,1.1221575254512076E-4,2.662069918486684E-4,2.473737241696652E-4,6.217091171928654E-5,7.509052582131905E-4,9.999530686373814E-4,1.908719968541795E-4,3.2469843871212305E-6,0.001827768823868443,2.809583578030268E-4,0.0012211606045774734,2.694211860856148E-4,6.202403942104108E-4,0.0016473094036967935
0.8247869137198719,0.0010433474910969015,2.4669636172764374E-5,4.584342093159614E-4,7.69614105114701E-5,2.2214779245799854E-4,8.153772909907139E-6,6.4679423533213E-5,1.44089673347606E-4,2.2409550808144768E-4,1.9126577024794865E-4,1.5319232209216947E-4,2.4949010816001274E-5,0.0015180478408857727,5.868268091135333E-4,1.7680266474111132E-4,5.222890353848641E-4,4.8100558280327825E-4,5.527289528703914E-4,1.7800132272854024E-4,2.598201194839736E-4,2.078730806167441E-4,6.072210748893007E-4,0.0016907564471061157,5.203166430154566E-4,3.2717609530193387E-4,0.0010185583502509822,2.79422458269057E-4,0.0022034810034964325,6.407448306418469E-4
0.8259677452965649,3.0446363719989164E-4,9.106599011508685E-5,2.6017244266555214E-4,3.8418378735667505E-4,1.762030482648734E-4,3.7699810377820825E-6,1.351671426996306E-4,2.89236738618484E-4,9.182745926068545E-4,1.1254209448112009E-4,1.7092406511749818E-4,8.76830731009376E-5,4.493327638370616E-5,5.499892930397723E-4,2.9053405926199836E-4,8.697651753962509E-5,1.6924970627528658E-4,1.9049776470683657E-4,0.0011652616330626205,4.272392911353184E-5,1.6958649960185132E-4,2.68868580473004E-4,2.8410366801000925E-4,5.507973782491477E-4,0.006441682129250074,0.0017039516306632814,1.608196181339971E-4,2.593578016200893E-4,0.0013022769239604136
0.8284957449625961,3.518511979066663E-4,0.029848379473202766,7.300493868264482E-5,2.354538875722179E-4,1.897914574299365E-4,2.8533594555855355E-4,1.9351500790736807E-4,5.584462801888045E-4,0.0026030470191480727,2.078251702182364E-4,1.3391938058960375E-4,2.3881526524167253E-5,4.397664168579481E-5,1.8892824534688264E-4,2.3893607472404434E-4,9.993714486822717E-4,4.597552461263997E-4,4.567260234044555E-6,1.8962880908515985E-4,3.1662921828315817E-4,1.455440742090556E-4,6.0336656576535246E-5,2.7366874403456857E-4,0.001949777143459327,2.545129628532837E-4,0.0018459994326512435,6.364608040962898E-5,3.959018218424662E-4,4.319475127738965E-4
0.8311853826056488,0.03431847731524494,2.1018829778865323E-4,6.287010805647138E-4,3.087078004434692E-4,1.7439141943045348E-4,2.7288835621085822E-5,1.6762572255077054E-4,5.060484851162173E-4,0.007825686601635564,2.6236568215573546E-4,4.57033438579226E-5,9.240364333635591E-5,6.039360957860824E-6,4.1417831180726985E-4,9.982021919875228E-4,0.0010206504730754331,4.672063248767022E-4,5.247377800123056E-4,9.562358756203147E-4,9.89186681391237E-5,1.2205923529804417E-4,0.0024847251942159533,0.0026229077125484294,2.109664552813654E-4,3.088972675199134E-4,0.0010558515923197993,1.9614146895468272E-4,4.756520987388756E-4,2.3951358327302277E-4
0.8319106705367318,1.315499570069856E-4,2.109400517138659E-4,6.497581929591671E-5,3.087078004434692E-4,2.272419626281117E-4,4.102860995690589E-6,1.6762572255077054E-4,5.060484851162173E-4,0.0017468800433215101,2.6236568215573546E-4,4.57033438579226E-5,5.9876689572818904E-5,6.039360957860824E-6,4.1417831180726985E-4,9.982021919875228E-4,0.0010206504730754331,4.672063248767022E-4,2.5579048214305873E-5,9.562358756203147E-4,1.1815291763393813E-4,1.2205923529804417E-4,1.9965363791555425E-4,8.963704394650556E-5,2.109664552813654E-4,3.088972675199134E-4,0.0010558515923197993,1.9614146895468272E-4,4.756520987388756E-4,0.0013889079294172005
0.8345463801610193,1.4208510470932971E-4,9.059852319557316E-5,6.41490051555739E-5,2.046263428287352E-5,2.0593236727300062E-4,3.416573441098246E-5,1.710090394722788E-4,0.00162805277231877,2.3379499866845848E-4,1.9847966016198657E-4,1.90779947996138E-5,4.164693023124373E-5,5.0242771399795425E-6,4.52906449775081E-4,1.269724990399593E-4,6.433168182375919E-4,1.282571259215347E-5,4.274898016128168E-6,2.534638979154555E-4,1.3951024845834079E-4,9.023785865518522E-4,2.3691466060098964E-4,1.2077325411596803E-4,3.1551890858366933E-4,0.0022214432329701926,9.394971596302776E-4,1.7207230148125934E-4,7.224575322061431E-4,2.3434074931545363E-6
0.8358941270938024,3.7204495496616754E-4,3.4011484790718595E-4,1.2777736347079424E-4,2.5927224191775737E-4,2.0099770360592197E-4,0.0012352637780633396,3.076425176458002E-4,0.001633773382956628,9.033970947498002E-4,4.065735647204988E-4,1.094659958967833E-4,3.695960210347145E-8,8.678457104574817E-4,2.999246917556814E-5,3.0238457475979244E-4,0.00195682592799138,1.2547507130627528E-4,2.8022879748724008E-5,4.589930347966963E-5,4.825195588280079E-4,6.3263784493202015E-6,0.0027802700847605662,5.254030475269797E-6,6.659921905522836E-4,1.859339732239139E-4,0.001084116703652648,1.6088679517292957E-4,2.9851175069008453E-5,0.0013900548529714924
0.8391729687483883,2.8079078322873865E-4,0.0022410726260480543,1.1931434187126662E-4,2.1431579066698446E-5,3.502601113147514E-4,4.647356852596169E-4,8.51732281689645E-5,0.0015180356478210265,0.0024822690585878555,1.1099353472340699E-4,1.0861531431449911E-4,8.968673861345254E-5,1.648888065599868E-5,2.3364163191927828E-5,3.1474213409900915E-4,5.454103125347794E-4,5.259808723832786E-5,4.014672579038956E-5,1.9609138092587493E-4,0.0013927935181131854,1.8372668863731283E-4,3.1551398058652204E-4,5.532315755372399E-4,1.1859412040672349E-4,5.832974260510807E-4,0.001735242079595975,8.013599810970427E-5,8.838095164514419E-4,0.013266193047805321
0.8411005139558602,1.3772059124725344E-4,2.1043493733342524E-4,5.124060307281047E-4,2.0006047295860875E-4,1.8532109372434646E-4,6.916464674153786E-5,1.403371806276764E-4,5.054582938922191E-4,2.209712443990767E-4,0.027518043442671926,4.546858191960929E-5,4.718401391988811E-5,3.161400334822987E-4,4.130327801314963E-4,9.355015871670521E-4,7.23381273348431E-5,4.7340607904959077E-4,1.0094264305012827E-4,0.0025122517223784063,6.965728943194101E-4,8.735698675431365E-4,6.664381797871767E-4,5.97684881133053E-4,2.0364818443524912E-4,3.2100415227032683E-4,9.178575022221914E-4,1.4732827673617462E-5,4.7493940034011134E-4,0.0024315369358113986
0.8431416863059225,2.656000455884816E-5,7.671288239755884E-6,3.3966045205020926E-4,2.1449795662212208E-4,1.2369618715054513E-4,4.4241306030193506E-4,2.838921424743762E-4,5.290783633595274E-4,7.627228328363368E-5,1.8256093460569417E-4,1.1254339767992916E-4,2.1001311773473662E-4,1.138387940035593E-6,3.753702727927647E-5,0.0020982333028216303,1.3958987605271225E-4,1.566164823608606E-4,1.890639057947488E-4,5.3855463398753186E-5,0.0013894024166043052,1.68720997355251E-4,1.908719968541795E-4,7.425522629313317E-5,2.7731083806003436E-4,3.179024029262074E-4,0.0012163923623866888,2.6458034457050255E-4,6.082177980551783E-4,0.001588771415663907
0.8456116971964714,3.6220893493844295E-4,4.1663337539541687E-4,1.7824521315286718E-4,2.7902451294553266E-5,9.319348205931652E-5,1.6546365988498826E-6,8.353242592219221E-5,5.106639055247631E-4,4.241426464816799E-4,2.881606204081575E-4,1.060210370320305E-4,5.361673346191097E-5,8.690409553765951E-4,3.9040088680322265E-4,8.697429825035238E-4,5.573409502541479E-4,3.9243581843086887E-4,1.1016160729239983E-4,0.0025789883044180575,1.3545189822527698E-4,1.4182582397767205E-4,2.3460201708054313E-4,3.942346847034874E-4,1.3913355245428815E-4,3.799998144800343E-4,9.40773160465392E-4,1.8272960325950614E-5,0.001469498736285777,6.044178215247136E-4
0.851928489817425,2.3011185571174673E-4,5.5672033143799E-5,1.3294963011648193E-4,9.58960025478255E-4,1.239775177057906E-4,4.837817735004016E-4,1.84442168002013E-4,5.028701798684303E-4,1.8401850031524432E-4,9.831794809517442E-5,1.1254339767992916E-4,2.0993396158778543E-4,5.94796061642969E-4,4.5154606806403155E-5,2.8580739220597555E-4,1.1221575254512076E-4,1.5917799519321176E-4,2.473737241696652E-4,5.363847965728372E-5,0.0013910909505053075,9.98490559127035E-4,1.908719968541795E-4,0.00181895357740155,0.001746054621810286,3.167932612312001E-4,0.0012211606045774734,2.694211860856148E-4,4.258219171849632E-5,7.689218422679621E-5
0.6227475938689678,2.142907992674298E-4,0.026158449875116938,2.761571953590592E-4,0.0048989893628081805,9.564485300295372E-5,4.675002276773761E-4,1.95992499574007E-4,5.108570624794697E-4,0.0025281864345410416,2.7895576780744675E-4,0.0017394781071195786,3.067008708987669E-5,0.0010966609667024375,4.102154263829837E-4,4.47901587374162E-4,0.001045063057518608,3.0024118609082946E-4,2.1118721854866416E-4,3.9355586090013793E-4,1.4542811807675428E-4,1.755327496966322E-4,6.564066463232882E-4,1.6158018514904313E-4,1.8146049176198388E-4,3.1753412146084964E-4,0.0010725383624454869,1.7800997302690164E-4,4.441345686692303E-4,0.002502289631809962
0.4251874002959466,3.4591461124774573E-4,5.459128232903257E-4,3.4601038498450007E-4,2.0011254205814488E-4,2.0752323314781677E-4,6.714442474803142E-4,3.411909048949152E-4,3.886412299592345E-4,0.002467200612282157,3.3379856576351867E-4,1.4775487007110338E-4,3.23848606891183E-4,0.0011462051684204052,4.5134481180200047E-4,2.8085634756167514E-4,6.546229076508268E-5,4.7537382782375786E-4,2.4718796565607664E-4,2.651331129192963E-4,0.001369531930741521,6.525704463452211E-5,2.0208896035069554E-4,5.456692562540737E-4,0.0015389948025303305,5.717064561017842E-4,8.600172418285197E-4,1.622884653507706E-4,6.350801791137609E-4,2.1407821105723176E-5
0.6473074344112264,2.814208930606554E-4,5.805002157234552E-4,1.4193979199792527E-4,9.683373492712508E-4,1.397136056786887E-4,1.4822695770788262E-5,1.844628659142536E-4,4.439196386408949E-4,8.924407407084452E-4,1.858959198835287E-4,3.7618338323797205E-4,1.993401397083846E-4,1.830525344479123E-5,2.550776627026623E-4,2.5762430384558056E-4,5.7815776966225124E-5,4.950573743004141E-4,2.4733349774440827E-4,8.950575245282035E-5,5.185272930663879E-4,1.990566760535362E-4,0.0024647236992148104,1.5930818062223403E-4,1.2728877798177983E-4,1.6575703789529182E-4,9.415207090526297E-4,2.739911478087351E-4,3.3492550005553737E-4,0.0023143472327458946
0.4166245307333632,2.527226172677694E-4,0.0020701304294018516,4.857267128210666E-4,2.0727762703943078E-4,1.0047172221686464E-4,5.5255982801337314E-5,1.7609794785623415E-4,4.3011707682331056E-4,0.001766362219196401,4.377731942563587E-5,1.01362207674107E-4,6.022998367753848E-4,1.7705792910629087E-4,6.674780025008009E-4,0.028087351225469497,1.7730152844003065E-4,1.406229137338589E-4,2.3412179742619528E-4,1.7205300498351436E-4,4.45478696947763E-6,9.52410051824641E-4,2.359205178923626E-4,2.90066459471772E-4,1.0019532417703649E-4,2.3625194597695734E-4,4.401560966033795E-5,1.6935136369075005E-4,2.412013464003499E-4,6.089537235882382E-4
0.8293135092934013,3.518511979066663E-4,1.8673369989427512E-5,7.2700769947945E-5,2.167476788509367E-5,1.954427018273536E-4,2.7490533739497403E-4,1.9542136828261622E-4,4.7495962879856384E-4,0.0026030470191480727,1.1727487629260253E-4,1.3391938058960375E-4,8.531178200826256E-5,4.41741723132297E-5,1.8892824534688264E-4,2.3893607472404434E-4,9.993714486822717E-4,5.6252588323465916E-5,3.957298849253619E-5,1.9623593247826074E-4,3.1662921828315817E-4,1.8303755149682517E-4,6.0336656576535246E-5,2.694654323795136E-4,0.001949777143459327,2.606106382299145E-4,0.0018459994326512435,6.364608040962898E-5,3.959018218424662E-4,6.74938749443306E-4
0.8334764389885468,3.046588692185349E-4,4.933346288211844E-4,6.092144193456659E-4,7.300847144442412E-5,1.0777081747623145E-4,4.196184046121016E-6,2.3910058683852752E-4,7.909353554258312E-4,9.15935048402328E-4,1.1364973178835318E-4,1.2735191917750337E-4,2.014508320636162E-4,7.555680449637665E-6,2.5215529744943146E-4,2.9037318599604465E-4,7.23381273348431E-5,2.574793772810107E-4,2.308852976579304E-4,0.002894322994873566,2.10304264656046E-4,0.0010154426683250681,1.9697361481600608E-4,2.145748709507555E-4,5.256480987965122E-4,2.417461343542468E-4,9.253461687641065E-4,1.8159533624300962E-4,2.6304104745486815E-4,0.0012861992294535864
0.6271064048670286,2.3078339998330497E-4,6.202505468247278E-4,1.7898457845753847E-4,3.929312736793703E-5,9.21604808662742E-5,6.329106803807744E-4,5.454551758842641E-5,4.5177955501307746E-4,0.002583863200576138,3.374828708332694E-4,1.630775299381794E-4,2.0637433230167768E-4,8.474270576785924E-4,0.002629010139438545,2.3962412004829769E-4,0.0011207306108101805,1.3017205731102386E-4,0.0025450571712490946,3.620086486561017E-4,3.879704777217535E-4,1.6686599327672967E-4,0.0011481301551947067,6.28975539004887E-5,8.317205237069534E-4,6.378423556969723E-4,9.200103884959346E-4,2.7756887155042505E-4,2.2526447238932208E-4,0.0014263944192918362
0.633829503426135,3.49115104321613E-4,1.2679876523332789E-5,3.6405935707341534E-4,7.096939112383031E-5,1.8509068000815125E-4,2.252112586197959E-4,2.5736415905040875E-5,1.419916320515031E-4,3.707994958481925E-4,2.0075060333722353E-5,1.6432777962795738E-4,2.900696457378349E-5,5.9809063260579795E-6,5.282628560285392E-4,0.0012374384213920554,0.0016517155037095092,2.4976880880821467E-4,2.5584522751554654E-4,1.250981740390071E-4,9.783579271700588E-6,9.660693477426415E-4,4.8030284846985096E-5,5.6760443862044327E-5,3.561771302840847E-4,3.955744248993307E-4,0.0010699120951103906,7.739035359898561E-5,7.975263902138582E-4,0.0013796057155909714
0.8314910293208422,3.079074259033937E-4,1.704188456559296E-5,2.7419496282468636E-4,2.0973474296878762E-4,2.2653352035695962E-4,3.998097024797099E-6,4.945689394263032E-4,2.6765568524580053E-4,0.0025266012914758784,3.873941754399956E-5,5.553763196479226E-4,5.067765472568491E-5,1.513947348513934E-5,3.899693207157898E-4,8.810163910001162E-4,5.468134517181205E-4,4.7728450510214367E-4,1.59935831283054E-4,8.313494898134161E-4,6.38859917625992E-5,1.7432963195805983E-4,6.658378374155424E-4,3.500359054445714E-4,2.2361468399561177E-4,3.1501172871877935E-4,0.0010819936839458263,1.6213253267970525E-4,0.0015895042516946222,0.0014263215855816265
0.4309546675470215,2.487599262223074E-4,5.045802453249542E-4,4.857267128210666E-4,2.0727762703943078E-4,1.0047172221686464E-4,0.0012548353034635038,1.7609794785623415E-4,5.376086421216323E-4,0.0017695654108374633,4.5071610044833506E-5,1.01362207674107E-4,6.022998367753848E-4,1.7705792910629087E-4,6.674780025008009E-4,5.9922802727634675E-5,5.840757295519057E-5,4.8111675381121003E-4,2.3412179742619528E-4,1.7009385383312382E-4,6.027572552524656E-4,7.1686563024234E-4,2.359205178923626E-4,2.90066459471772E-4,1.0019532417703649E-4,2.3568754311524507E-4,4.401560966033795E-5,1.6935136369075005E-4,2.412013464003499E-4,6.067490527900867E-4
0.622759202949615,1.281729822844369E-4,9.070157215477972E-5,4.7531206313850124E-4,2.0606975312541015E-5,2.0526241915604708E-4,8.020326116007197E-5,2.596344641421032E-4,0.0015989717414774454,0.0010886917046026012,9.800911822718163E-5,1.9308961395394445E-5,5.7954830052437904E-5,2.131165785622512E-4,4.839687018953486E-4,2.7872656236777217E-4,6.426696803119129E-4,4.6659374825538404E-4,2.1929748724672932E-4,2.7747532346573457E-4,1.1691337162149676E-4,9.553658225248802E-4,2.890148074693484E-4,1.217348992826736E-4,2.2007096044144605E-4,0.0021099395866020945,9.209854128575799E-4,2.7049387459387596E-4,2.5537461508235495E-4,1.266549735233556E-6
0.42983465712640095,1.696706472066294E-5,1.193630656935946E-5,4.99902235407171E-4,9.741188932131228E-5,8.31013057844831E-5,4.278125836783747E-5,1.6900623816597956E-4,1.275909121594915E-4,2.5528888685358455E-4,2.0528070733589068E-5,1.0371428718095433E-4,5.082827997674088E-5,6.77583742807622E-4,1.2846695611720715E-4,8.540212383707405E-6,0.0010991497588946433,1.405473131922334E-4,2.4652464884292798E-5,1.4439992731386407E-4,1.233368345926308E-5,1.982060294679953E-4,2.426914246875789E-4,2.8358250340552776E-4,5.101765019289593E-4,3.6246769272655315E-4,7.028341300485579E-4,4.2126713207721935E-5,2.243675224463158E-4,0.002355364441393738
0.628181575544214,0.0010512259931926662,8.480260461388926E-5,4.55711119159934E-4,4.518760937375412E-5,1.8065938591977233E-4,0.0010956117757964685,7.946814448125776E-5,5.034413102384755E-4,3.449104583794592E-4,3.2971288276869784E-4,6.264847510342375E-4,4.686586181489194E-5,0.0015776285141574863,0.0023557230850789904,2.85751544024274E-4,0.0010016604498758012,4.8111382497515603E-4,5.621505020988048E-4,0.0010308049690062567,0.001340059172288358,1.0193625302687629E-6,8.529151826393934E-5,7.874685737668103E-5,3.0552079610188845E-4,6.269407758411182E-4,8.480707371085262E-4,2.6787921585195084E-4,6.26459063623156E-4,3.996990939412596E-4
0.64123763470487,3.310996369851289E-4,1.7108981178373637E-4,3.45770145753832E-4,0.004877858464592909,9.450648419933975E-5,4.464271937363949E-4,3.0047028685063347E-4,5.109251810628848E-4,4.241426464816799E-4,2.976261640952459E-4,1.1271391124234318E-4,2.901927516116519E-5,8.690409553765951E-4,3.8626001088124277E-4,8.226351609303905E-4,5.358896643823641E-4,1.2080162932082261E-4,1.8694980666450695E-4,1.2295857946425647E-4,0.001772800410325634,5.324252254383777E-5,1.970687308439355E-4,4.796748326420144E-5,1.7845092270462557E-4,3.1804818874382507E-4,0.0011709808768998325,1.6182458039255265E-4,6.20038542356645E-4,0.0017379809100691458
0.44958019715030095,3.099203141862328E-4,2.1183934689826078E-4,2.736384512648535E-4,5.990992529169646E-5,2.037488661447975E-4,4.104565911735267E-6,1.6703863107915773E-4,4.68400935469313E-4,0.002436863054590995,1.9575152086214346E-4,5.515601875037226E-4,0.0015107856013079981,3.774783586263646E-6,3.4764827569192165E-4,1.2123114868599978E-4,5.68040917567892E-4,1.292073088544204E-4,3.701820045911856E-5,5.550686188726016E-4,0.0014768217445486108,2.850174371509556E-6,2.8797645666184057E-4,2.5233735429497784E-4,4.417357759457707E-4,2.540548444913599E-4,0.0010378759915713846,1.8168953907158724E-4,3.8292635103438213E-4,4.366192426819032E-4
0.42312484906042946,1.997761805351589E-4,2.2311409245311505E-5,4.969258125285755E-4,9.458428081114269E-5,8.745504309914645E-5,4.6614215077537294E-5,7.798579121972394E-5,0.0019293736625355185,2.554320508009305E-4,4.209523668497394E-5,1.0371428718095433E-4,2.2169541390072584E-4,5.124425208738658E-4,1.3224356098535153E-4,8.540212383707405E-6,1.0070580917724363E-4,1.4667925613393438E-4,2.4652464884292798E-5,1.3906583524149626E-4,1.5243938386704024E-5,1.982060294679953E-4,6.67805810667911E-4,2.601331112094653E-4,5.101765019289593E-4,3.612014489811078E-4,9.152264672765665E-4,3.426292926302355E-5,4.533453439184531E-4,0.002355364441393738
0.4434974603376448,3.016060696340349E-4,6.761320342319726E-6,4.954394207299795E-4,9.670720771874011E-5,8.239167727190038E-5,4.500847006849693E-5,8.345564499175531E-5,0.0019293736625355185,2.8744248533407296E-4,4.307574682392676E-5,1.0935875522118956E-4,5.777844527334985E-5,2.2802096873897728E-5,2.746109464205257E-4,0.001016712442080605,0.0010998685314102597,1.4015183822046212E-4,2.4027362908499034E-5,1.2662977737462757E-4,4.434095327792132E-4,2.0017226465268966E-4,6.50142327135121E-5,2.5608576399762924E-6,5.043155826630182E-4,3.1039400545516586E-4,7.49049703616544E-5,4.789495206450113E-5,2.2225083088212006E-4,0.002360655197584235
0.8383552044175832,2.8079078322873865E-4,0.0022410726260480543,1.1961851060596637E-4,2.3515212918012436E-4,3.4460886691730513E-4,4.7516629342319444E-4,8.326686778727203E-5,0.0016015222689576346,0.0024822690585878555,2.015438286490105E-4,1.0861531431449911E-4,2.825646701949268E-5,1.6291350000036044E-5,2.3364163191927828E-5,3.1474213409900915E-4,5.454103125347794E-4,4.560493366108638E-4,5.135758434560449E-6,1.8948425753277404E-4,0.0013927935181131854,1.4623321134954323E-4,3.1551398058652204E-4,5.574348871914969E-4,1.1859412040672349E-4,5.771997506566081E-4,0.001735242079595975,8.013599810970427E-5,8.838095164514419E-4,0.012951761757763719
0.8420558065067274,1.4104071091212958E-4,8.775555262617704E-5,6.497581929591671E-5,2.1446039291125943E-5,2.2792750817361392E-4,3.4358230113411086E-5,1.7013372486616063E-4,5.271566113438107E-4,2.814811992050612E-4,1.7373071496177298E-4,1.480622756523092E-4,5.393118599291414E-5,6.039360957860824E-6,4.7777017834924236E-4,9.998992099841538E-4,2.9994919634741476E-4,5.09887443817452E-5,2.2427671667851176E-4,6.301673487031081E-5,1.9119072313909628E-4,9.708353436700313E-4,2.62486886045219E-4,0.0017824797815684877,5.124552648604295E-4,6.604198995844567E-4,9.337836001787311E-4,1.6166433260635191E-4,4.2555781442892704E-4,0.002461476216927304
0.6307736360412405,3.5422918326691473E-4,6.449555528788471E-4,1.753898552658522E-4,1.9595520006049076E-5,1.0644754132662619E-4,6.306677260123615E-4,5.0321015071720234E-5,0.0016170701227775563,0.002632557370331798,4.840888784453089E-5,6.09125119716005E-4,9.617961808660406E-5,6.059250725533412E-4,1.85831084737173E-4,2.403134864186188E-4,0.0010002456690668426,4.613200651111822E-4,2.914762836346487E-5,2.494877523035602E-4,1.3507322461461742E-4,9.806908511720866E-4,2.697528259463879E-4,3.207184751117956E-5,0.0018983391796227353,2.964512511876861E-5,8.559672898989991E-4,5.387523466093706E-5,4.493131503865414E-4,0.0016989930962300489
0.6378284894712292,3.0329933758833596E-4,9.059852319557316E-5,1.2631792241240506E-4,2.348803943306592E-4,3.4842943526279297E-4,1.0839069989590765E-5,1.1840991942109279E-4,0.00162805277231877,4.367691646695577E-4,1.9889062844620926E-4,1.951847346897375E-5,1.1341550118524411E-4,2.437546573487033E-4,4.52906449775081E-4,7.967097325448899E-5,6.433168182375919E-4,4.730479210146286E-4,2.279039976884989E-5,2.534638979154555E-4,2.3403790063956226E-4,9.023785865518522E-4,2.369171825412459E-4,1.1957999464289637E-4,3.1551890858366933E-4,6.674057601686145E-4,3.430423537564126E-5,1.375125751065809E-4,7.224575322061431E-4,2.3434074931545363E-6
0.6314979841513875,3.016060696340349E-4,6.761320342319726E-6,4.954394207299795E-4,9.670720771874011E-5,8.239167727190038E-5,0.0010656267695396818,7.902145701398869E-5,0.0019282523821295213,2.8744248533407296E-4,4.307574682392676E-5,1.1525918690678794E-4,4.7003075868800836E-5,1.4924007664000871E-5,3.6531440831690843E-4,0.00101783229282616,0.001098815284972887,1.4015183822046212E-4,2.4027362908499034E-5,1.2662977737462757E-4,4.434095327792132E-4,2.0017226465268966E-4,6.502501042498769E-5,0.004278263571303704,5.043155826630182E-4,3.113335804295102E-4,9.362403075233779E-5,5.4532473447111484E-5,6.40382261572629E-4,0.002360655197584235
0.8261867948357509,3.074919003656201E-4,9.923235971585941E-5,2.7742057410712226E-4,3.8418378735667505E-4,1.762030482648734E-4,1.0140550373033451E-5,1.351671426996306E-4,2.89236738618484E-4,0.0011016070371374447,9.75433059910772E-6,1.7092406511749818E-4,8.816630711674695E-5,4.493327638370616E-5,5.281751232055632E-4,2.507273800971885E-4,5.249599119167669E-4,1.6924970627528658E-4,1.9049776470683657E-4,0.0011892901086483945,4.1092895025047815E-5,1.6958649960185132E-4,2.68868580473004E-4,2.8410366801000925E-4,3.02981037715402E-4,5.845327247599234E-4,0.0017039516306632814,1.608196181339971E-4,4.150554354938514E-4,2.648643170505726E-4
0.8267994479890834,3.3911504456072736E-4,0.002427981049327105,1.3432890602178328E-4,6.239915938593239E-5,1.0443069919185082E-4,3.697409054843184E-5,1.7741154356725394E-4,5.104046073455929E-4,4.357190776574892E-4,1.1504644202000927E-4,1.1768664335628018E-4,2.0597757334032084E-4,2.1593165560812485E-4,5.512252922344231E-4,4.5299254692295033E-4,6.215819550764066E-5,2.5900230106909504E-4,2.3040375571371677E-4,2.7331288617685504E-4,1.1439683845890266E-4,1.5904882128884857E-4,4.3612409357052045E-4,0.001060669878771335,5.252626662352296E-4,2.9058374289223684E-4,6.956381452040798E-4,4.3534268554514666E-5,5.373269368583041E-4,5.917538240631231E-4
0.623677846102254,2.8399725294222074E-4,3.6413294821864995E-4,4.951665996444607E-4,3.7171814198422334E-5,1.916823199729329E-4,1.9760612396541E-4,1.4630842818028305E-4,5.127070748263202E-4,8.306567324359996E-4,5.083356063554121E-4,1.045918265200841E-4,1.9462938613769312E-4,0.0011381226429672663,5.269041290665748E-4,2.863077796738361E-4,5.473487577146204E-4,4.942144072873084E-4,2.463901312950514E-4,1.3345170980684297E-4,3.3849768845818667E-4,1.2442653339790513E-4,3.1033223294130033E-4,0.0018548226417345536,8.177490075259193E-4,0.0022457341957720428,0.0010378323295790841,1.369232984198922E-4,2.561731352988375E-4,0.001764398089432741
0.836430686889607,2.2659850348778727E-4,4.7828227960204937E-4,1.2985101082643613E-4,2.4425529169536976E-4,3.404964830704418E-4,4.8405019092291905E-4,2.222365943184917E-4,2.0625513574157946E-5,5.4277225855355017E-5,2.580866792444939E-4,1.6220074221137457E-4,1.0962128655182888E-4,4.839438031703195E-5,1.1626411222676023E-4,4.27915267673406E-4,5.464658675110428E-4,4.858124740800316E-4,3.4251559467659715E-5,1.1270552828983997E-4,5.196027677169574E-4,1.267545946700667E-4,3.126540504603364E-4,0.0017923827760062884,5.22134988772879E-4,3.6283514779540297E-4,0.0017359723744792951,1.3791506685321118E-4,0.0013365935093139067,9.648843476202525E-6
0.6364012544367396,6.890600109587298E-4,1.7062334218511115E-4,2.0334576770100483E-4,1.9822115862281134E-4,1.8276786872693188E-4,5.078345567761319E-4,0.0016937368828910727,1.6119549220189772E-4,3.7044195142263675E-4,4.404403229543862E-5,1.478135807713806E-4,3.328971349005249E-4,4.04131232421728E-4,3.2592177637272784E-4,2.0132399738016164E-4,5.750184676932767E-4,1.2025564159013244E-4,5.354258380568309E-4,1.1666386698188818E-4,0.0017306586421310735,5.3692381309574106E-5,4.620772640987271E-4,5.6897533766080307E-5,5.971646993921107E-4,1.76923478913685E-4,0.0010684250478605211,1.6192630523937306E-4,2.785325830585673E-4,0.0014000372533614913
0.8371168095719294,2.2786073728275766E-4,4.804312607513442E-5,1.1961851060596637E-4,2.3515212918012436E-4,3.4460886691730513E-4,4.7516629342319444E-4,8.326686778727203E-5,0.0016015222689576346,4.318673928261139E-4,1.6990302564742714E-4,1.051680887703555E-4,1.0962128655182888E-4,6.872981121745918E-4,2.3364163191927828E-5,3.1474213409900915E-4,5.454103125347794E-4,4.560493366108638E-4,3.523732256624783E-5,1.8948425753277404E-4,0.0013553628528103186,1.267114904551554E-4,3.1551398058652204E-4,5.574348871914969E-4,1.2027596468804858E-4,5.771997506566081E-4,0.0017351716686716285,1.3791506685321118E-4,0.0013365935093139067,4.115370400684191E-5
0.8325992486779104,3.2176968279377493E-4,0.0024302064310618393,1.7898457845753847E-4,6.108310277026724E-5,2.1744597867163253E-4,6.187911059198903E-4,4.342568982026193E-5,4.5177955501307746E-4,0.002583863200576138,1.8502004051922558E-4,1.6566637063189553E-4,9.541037674717389E-5,8.339829181097197E-4,2.0722903048661477E-4,2.613972302176489E-4,5.31860417308596E-4,4.8144803792578376E-4,5.605844353195711E-4,2.072470122407706E-4,3.879704777217535E-4,1.7641651589049638E-4,0.0027470562581577785,0.001724349659829236,4.6141570131723184E-4,2.514214849398991E-4,9.215873823320255E-4,1.1289624012317438E-5,0.001254286281199433,0.0016913215557505799
0.6420377728653417,3.597944691990357E-4,1.2747510410451607E-5,1.8099719981744649E-4,1.8815125115669305E-5,2.3329635032827965E-4,3.458454322847798E-5,8.115086140689467E-5,5.110909422171712E-4,2.8155677764583604E-4,2.2811773131368323E-4,1.0735272395454793E-4,2.1789261662742503E-4,2.2984870265547433E-6,4.582724028888341E-4,8.400518822988166E-4,5.572234042567943E-4,5.141482996597532E-5,2.241838835319876E-4,0.0012168984213863016,1.3627869185130187E-4,1.7769413705824122E-4,2.6870457997804273E-4,0.0017840194965208526,5.179722894751247E-4,3.1811051093956434E-4,9.40773160465392E-4,1.1832922146965698E-5,0.001465117494916678,0.0017261467424424329
0.8237767246021919,3.0349837770175347E-4,6.696815587060297E-6,3.611268341501394E-4,2.5221940306710376E-4,2.0099770360592197E-4,3.111704153839186E-5,1.2239096334992883E-4,0.001633894804741334,9.066921623184185E-4,0.0036081022880779415,1.094659958967833E-4,6.105746603001357E-8,8.678457104574817E-4,5.371175839129092E-4,4.451501403473948E-4,4.4469122570098274E-5,0.001085230039349379,2.2754001934919164E-5,1.827698354438616E-4,9.835678688406612E-6,1.9078134125324734E-4,0.0028585460160212633,1.9885996942652323E-5,3.598567446302471E-4,1.800527788005861E-4,8.60457713916724E-4,1.5171851151549358E-4,1.094612918314448E-4,0.0013900548529714924
0.6192405787090911,0.00317727606418391,0.026158449875116938,2.761571953590592E-4,5.9443893183094834E-5,2.3232662265104432E-4,4.675002276773761E-4,1.9304881371344295E-4,5.164216369463042E-4,0.0025281864345410416,5.594013776369336E-4,0.0017394781071195786,9.754592543114403E-5,0.0010966609667024375,4.1046459644328043E-4,4.47901587374162E-4,0.0010606143968835149,3.0024118609082946E-4,2.1118721854866416E-4,3.9355586090013793E-4,1.4542811807675428E-4,1.755327496966322E-4,6.564066463232882E-4,1.6158018514904313E-4,4.99390012644298E-4,3.368387308758492E-4,6.20002703395783E-5,1.7800997302690164E-4,4.441345686692303E-4,0.002502289631809962
0.8288928164349018,3.5212774100423815E-4,6.202505468247278E-4,1.7898457845753847E-4,3.929312736793703E-5,1.0614245652519628E-4,6.329106803807744E-4,5.454551758842641E-5,4.5177955501307746E-4,0.002583863200576138,3.374828708332694E-4,1.630775299381794E-4,2.0637433230167768E-4,8.471535152204551E-4,2.0722903048661477E-4,2.3962412004829769E-4,0.0011207306108101805,4.7908649753502445E-4,2.914762836346487E-5,2.8884866715001505E-4,3.879704777217535E-4,1.7615638932189868E-4,0.0011481301551947067,6.28975539004887E-5,8.317205237069534E-4,2.537512317893035E-4,9.200103884959346E-4,4.9890469649741486E-6,2.2526447238932208E-4,0.0014176225441283035
0.4204333871533334,7.366984819727195E-4,4.077037873555959E-4,1.888701676856463E-4,2.0051591377329652E-4,9.714221956959341E-5,7.609622358212783E-5,8.115086140689467E-5,5.264434534879325E-4,4.241426464816799E-4,5.085335517055357E-4,1.0587693983772966E-4,5.97547979328562E-4,1.3689554937777938E-4,3.9040088680322265E-4,8.697429825035238E-4,5.524736885497053E-4,4.029226191551922E-4,1.1472637173574649E-4,0.0025803266178739807,2.473112460449164E-5,1.0212835547999727E-4,2.4031630709060245E-4,5.687453171349698E-4,1.795504525711031E-4,3.1811051093956434E-4,9.165148923396165E-4,1.1832922146965698E-5,4.4544294717108787E-4,0.0017379809100691458
0.8450950074955887,3.5212774100423815E-4,1.6907241998675147E-5,6.556374788892894E-5,9.896188476954854E-5,2.3602653913181972E-4,4.749583772990045E-4,0.027600770942283134,4.535361356229407E-4,3.6875181271404185E-4,2.628912217363379E-5,0.0018157418880946374,5.110474761369796E-5,8.084155656707234E-4,3.521585340562016E-4,0.002051139028982995,5.473284832528951E-4,4.67532223610046E-4,2.45156602135746E-4,8.101705014275434E-4,1.3318443022079871E-4,1.267266566299397E-4,6.643796465757618E-4,1.128440418207003E-4,2.2130942444638499E-4,2.5564274709958314E-4,8.585746363712342E-4,1.8293152620619627E-4,9.304077574229361E-5,0.001462572249091298
0.6205151361529466,2.8399725294222074E-4,3.6413294821864995E-4,5.03751486156148E-4,3.40823444400547E-5,1.916823199729329E-4,9.113765029045583E-4,1.4630842818028305E-4,4.563532103285791E-4,8.306567324359996E-4,4.7081527990758607E-4,1.37928630724078E-4,1.7725204962152168E-4,6.779497733821755E-5,5.269041290665748E-4,2.863077796738361E-4,5.469708799584015E-4,5.790878752054925E-4,2.463901312950514E-4,1.3345170980684297E-4,3.3849768845818667E-4,1.9021964841179674E-4,2.9255859669212214E-4,0.0019329831318333239,8.176022402226072E-4,2.703620664342599E-4,0.001037778752763772,2.9874359090880737E-4,0.0013291775727984488,6.222535096475427E-4
0.6323082974735103,2.810686061283466E-4,0.0021601251629166816,1.9603547644697956E-4,9.824575889465909E-5,1.8428767162820048E-4,1.5007242333432876E-5,2.790540309709919E-4,5.774059411799196E-4,0.002527647598190257,2.016146598676498E-4,1.0857919650445394E-4,3.800646900239859E-5,2.6243639896560503E-5,4.109542968308628E-4,8.743259137462636E-4,0.0010335977950869212,4.7434243224127944E-4,5.336229004726943E-6,4.785503948986986E-4,3.484000846917699E-6,0.0010136562508268904,1.851261046047118E-4,7.361025113194713E-6,3.741700476375043E-4,3.0853936667632053E-4,0.001717998523912945,7.96064027875007E-5,8.818632266123515E-4,0.0013311989829182483
0.4345175419703009,3.099203141862328E-4,7.849218632599074E-5,2.736384512648535E-4,5.990992529169646E-5,2.037102279210337E-4,4.001894607829877E-6,1.0968114820813269E-4,0.0016904528416556298,0.002450600195059535,1.9509637905370896E-4,5.515601875037226E-4,0.0015107856013079981,3.774783586263646E-6,3.4764827569192165E-4,1.2123114868599978E-4,5.68040917567892E-4,1.292073088544204E-4,3.701820045911856E-5,5.38273607854588E-4,0.002433326760204973,2.850174371509556E-6,2.8797645666184057E-4,2.5233735429497784E-4,4.4547136322740846E-4,2.540548444913599E-4,6.801695711129173E-4,1.812082992456808E-4,3.8292635103438213E-4,4.366192426819032E-4
0.6302155413928567,2.8449826178489227E-4,4.7970178373620736E-4,1.9630024986733779E-4,6.5863006199736E-5,1.8428767162820048E-4,1.5007242333432876E-5,2.605804411115797E-4,0.0012388881625757314,0.0025496080556414776,2.016146598676498E-4,1.2376701225829266E-4,3.795040758734548E-5,3.355521862102994E-5,4.0996723685917465E-4,8.769530560213564E-4,5.799290368130203E-4,5.050661437075682E-4,2.8437292346023643E-5,2.609011055529146E-4,7.378716207559694E-4,4.686299911661875E-5,1.8750661294522148E-4,5.668876021066911E-5,6.312004741124911E-4,1.808546788126331E-4,0.001717998523912945,2.2624493664109827E-4,8.851731440063092E-4,0.0013361312469556221
0.43292275244647827,3.097766396020489E-4,4.8751121729885335E-5,1.8560337409406256E-4,5.7196078373626246E-5,1.0421407121128883E-4,4.001894607829877E-6,1.0855707295430026E-4,0.0012380297828337664,0.00241169121833371,5.203026432868641E-6,2.60197311521397E-4,0.0015341422956297174,1.879665673872996E-4,3.4468218659116837E-4,1.1285945210746278E-4,5.754641559498283E-4,4.542923540731736E-4,4.3328935144472196E-5,5.38273607854588E-4,3.854331623774176E-5,1.3975836207925847E-4,2.623396106561618E-4,1.4771665803276564E-6,1.494565550778222E-4,3.169497931033151E-4,9.136422205698652E-4,1.6074645198819527E-4,5.441603869399124E-4,0.0013340632712059472
0.827328080094845,3.0755202720987503E-4,1.0296362947768848E-4,2.7553000275076594E-4,6.464453791363718E-5,7.127701671527653E-5,1.4822695770788262E-5,1.3716423861737787E-4,2.9698438546464054E-4,0.0011051659304416753,1.858959198835287E-4,3.7618338323797205E-4,8.919434196670456E-5,3.1340013481302145E-4,2.550776627026623E-4,2.507161531012892E-4,5.9224501933218216E-5,1.6922595933049127E-4,1.897134581114065E-4,0.0011827969242838687,5.185272930663879E-4,2.027419051365432E-4,0.0024647236992148104,1.6139589790572535E-4,3.012046288610631E-4,1.6575703789529182E-4,9.401462175358769E-4,1.3720929900616418E-4,0.0012989697922722648,0.0023143472327458946
0.6255238118679094,2.797551021472422E-6,0.025877087268063155,6.312843022598831E-4,2.4588725330936456E-4,2.3119293800412367E-4,0.001072163725414,7.954644045439961E-5,0.0015968923305037363,5.939614884295336E-5,5.426582211632673E-4,0.001722505895927518,9.236095647503979E-5,5.537164837055928E-5,0.002457656694657442,0.0021094108349325826,6.610861240838869E-4,1.683446523256197E-4,1.878180708930286E-4,0.0011943130872342773,1.429918079450046E-4,1.7405004209707618E-4,2.6896937471582156E-4,1.0684214637693152E-4,2.7951050324767396E-4,3.3674394386295565E-4,0.001713144841206339,2.7883754965100796E-4,4.0622670563896434E-5,2.4892347673751694E-4
0.4279074239399806,2.487599262223074E-4,6.977943685518997E-5,0.0024927289973980873,2.0283669395059699E-4,5.676896742468389E-4,0.001244904571025423,1.7609794785623415E-4,0.0016147826381680617,0.0017695654108374633,4.5071610044833506E-5,1.469150528374663E-4,5.906830769360927E-4,1.797864247648904E-4,6.674780025008009E-4,5.9922802727634675E-5,3.233666444371315E-5,4.5499125519660925E-4,2.4041613307069883E-4,1.7009385383312382E-4,8.129957702611196E-4,1.1790720313361885E-4,2.359205178923626E-4,2.925809218926609E-4,1.0019532417703649E-4,5.757076307356354E-4,4.401560966033795E-5,1.6771739675141732E-4,0.0011059958253132292,7.736945665659554E-4
0.8298403402407661,1.3053917310076079E-5,0.0018609024891074345,1.5608570224322758E-4,2.1940799137689079E-4,1.2361218316335278E-4,6.00762082791831E-5,1.6633867526575388E-4,0.0012121890838236809,2.41612666990635E-4,1.8294338978983805E-4,1.228272015400323E-4,5.06022641584431E-5,1.287508288103211E-4,0.0022149868897085164,1.4379434265733245E-4,1.9445481549931266E-5,2.922045164655952E-4,2.1877833836201263E-4,1.794760885378529E-4,1.6926405127716808E-4,2.530106719170332E-4,0.0011484004329570107,0.0017309448092143786,5.041732708619983E-4,0.0023307798314857976,6.768930978126348E-4,1.8080746247834848E-4,4.30192822031991E-4,0.0016654694452410545
0.4463761626426083,3.0343697582629507E-4,0.0022195991244261396,1.2924882975441561E-4,2.6478297736678817E-5,1.827241585743078E-4,0.0010092682764487682,1.1809627837599487E-4,1.891471170189283E-5,5.33139171319307E-5,6.44079929883264E-6,6.545888155174811E-6,1.9641575827234048E-4,8.431583216336655E-4,6.794819985196617E-4,2.4196186149955354E-4,8.292463447673543E-5,1.3141227205553548E-4,4.030556051337622E-5,1.1266804120324093E-4,1.7412844663715116E-4,9.457423790657357E-5,2.6435472733173733E-4,7.273088589803724E-5,8.227786778168524E-5,6.016634471091083E-4,6.526232569408688E-4,1.6139703936756138E-4,0.00226039715938423,2.3459897855381825E-4
0.6287316621945681,7.166402232588727E-7,8.480260461388926E-5,3.404771703456613E-4,4.518760937375412E-5,1.812225725419451E-4,0.0010535134630526744,7.909968017738395E-5,5.034413102384755E-4,3.449104583794592E-4,3.298461091463515E-4,6.166108016889472E-4,4.686586181489194E-5,6.817583818030043E-4,0.0023557230850789904,2.85751544024274E-4,0.0010016604498758012,4.55119188259349E-4,1.810975428871451E-5,0.0010308049690062567,0.001340059172288358,1.0193625302687629E-6,8.529151826393934E-5,7.874685737668103E-5,3.0552079610188845E-4,6.303056036308736E-4,8.565133877805646E-4,2.6787921585195084E-4,6.26459063623156E-4,3.996990939412596E-4
0.8253370003689134,1.1183615605897426E-5,2.4669636172764374E-5,3.432002605016887E-4,7.69614105114701E-5,2.227109790801713E-4,4.035087241385338E-6,6.431095922933917E-5,1.44089673347606E-4,2.2409550808144768E-4,1.9139899662560362E-4,1.4331888742667528E-4,2.4949010816001274E-5,6.221777090780745E-4,5.868268091135333E-4,1.7680266474111132E-4,5.222890353848641E-4,4.550109460874712E-4,1.3052085627177925E-5,1.7800132272854024E-4,2.598201194839736E-4,2.078730806167441E-4,6.072210748893007E-4,0.0016907564471061157,5.203166430154566E-4,3.3054092309180367E-4,0.0010270010009230206,2.79422458269057E-4,0.0022034810034964325,6.407448306418469E-4
0.6443221397545706,2.9874508378450727E-4,4.238919695793182E-4,3.71187314445466E-4,4.636919220297911E-5,0.0035645689370581058,1.0140550373033451E-5,2.370543348854019E-4,4.3617199179473836E-4,8.739280335677088E-4,9.75433059910772E-6,1.7092406511749818E-4,1.983963350645634E-4,4.493327638370616E-5,5.281751232055632E-4,2.5763553084147986E-4,5.236044687823767E-4,4.950811224864071E-4,1.3200226901968732E-4,0.0011895678457758665,4.1092895025047815E-5,1.697868191953063E-4,2.68868580473004E-4,2.813377289939065E-4,1.2906518685001337E-4,5.845327247599234E-4,8.843433507483328E-4,1.608196181339971E-4,4.4856648318998283E-4,2.648643170505726E-4
0.8413454703942163,3.555960366837031E-4,5.90792887403198E-4,3.276706401906586E-4,1.9668883959196766E-4,1.2388936187368116E-4,0.0012166153222848521,2.1740158739506845E-4,5.618887357651283E-4,3.657082015062294E-4,9.865742980912838E-5,1.636169338159986E-4,2.0670833057572372E-4,7.956025652787994E-4,4.886425117748594E-4,2.4076717436953462E-4,5.379826823617012E-4,4.7906384081537246E-4,3.9972019979378086E-5,1.1759809300010074E-4,8.417399698162757E-4,9.654592856254973E-7,2.0702795356535958E-4,5.468300461866771E-4,8.401786112994447E-4,2.916687775348266E-4,4.286771628657293E-4,2.847408494866047E-4,8.205135311158355E-4,0.0014040700479254038
0.6362459322513156,6.84427268332452E-4,5.019236244700143E-4,4.546065461886964E-4,0.0011960410306667809,1.0612039306155324E-4,0.001236697229863624,5.265485156708975E-5,0.00655925002786262,3.485896152029921E-4,2.5062986437709766E-4,1.2231088689485943E-4,0.017301980860554643,5.9809063260579795E-6,5.169956743130898E-4,0.0010313490619517122,5.426481280005917E-5,4.739559453538529E-4,2.471865146107794E-4,1.0299909353273879E-4,6.185749283662355E-4,7.305249261603405E-4,4.600121632035534E-5,7.557282957903348E-5,3.6542489269061505E-4,2.62378100820477E-4,0.0010895215164485627,1.8176472606465756E-4,0.0023033082824561388,7.303067537848574E-4
0.4407311383808254,7.166402232588727E-7,8.480260461388926E-5,3.404771703456613E-4,4.518760937375412E-5,1.812225725419451E-4,3.716184466343562E-5,8.353386815515058E-5,5.045628181144935E-4,3.449104583794592E-4,3.298461091463515E-4,6.107135410023412E-4,5.7641231219440945E-5,6.958757291284719E-4,0.002265185282526533,2.8463174658259043E-4,0.0010027136963131741,4.55119188259349E-4,1.810975428871451E-5,0.0010308049690062567,0.001340059172288358,1.0193625302687629E-6,8.528074055246375E-5,3.549154547416825E-6,3.0552079610188845E-4,6.293660286570806E-4,5.093762581719111E-4,2.612429374184558E-4,2.0832763920529377E-4,3.996990939412596E-4
0.8350283133457753,1.5817520698391496E-5,0.0018609024891074345,1.5608570224322758E-4,2.1940799137689079E-4,2.282752704100912E-4,4.944669631330714E-4,1.6633867526575388E-4,0.0012121890838236809,2.5264171146037456E-4,1.9027299362498135E-4,1.228272015400323E-4,5.3750797295618265E-5,1.1594190054079237E-4,3.795182901376754E-4,0.0022055733177494055,3.130570146321929E-4,2.922045164655952E-4,2.2352820858335053E-4,3.0976844158643125E-4,1.323716372753068E-4,2.537663836449304E-4,6.646499243380602E-4,3.0781782543811234E-5,2.1470907191968873E-4,3.4424353131579815E-4,6.768930978126348E-4,1.8080746247834848E-4,4.8140027988976484E-4,0.0025629946030927982
0.8478099709878203,2.3012501176883463E-4,5.5672033143799E-5,3.3966045205020926E-4,9.58960025478255E-4,1.2369618715054513E-4,4.837817735004016E-4,2.838921424743762E-4,5.017709333844839E-4,5.4596775899468336E-5,1.8256093460569417E-4,1.1254339767992916E-4,2.1001311773473662E-4,1.138387940035593E-6,3.753702727927647E-5,2.8580739220597555E-4,5.256038977835251E-4,5.114912069917805E-4,2.473737241696652E-4,5.453855919199028E-5,0.0013894024166043052,1.6847423720602885E-4,1.908719968541795E-4,7.425522629313317E-5,3.1019910709988825E-4,3.166670014631017E-4,0.0012163923623866888,2.694211860856148E-4,6.233700446995008E-4,0.0016473094036967935
